Name,IF,g3,SS,SGBP,Hardness,Hvapor
3-Chlorobiphenyl,5155.712182,169.0205792,69.91409,637.09491,0.308859,74.3
4-Chlorobiphenyl,5155.573881,148.1919051,69.81467,637.06127,0.289335,71.6
"2,2prime-Dichlorobiphenyl",7335.521412,164.1925843,55.2655,740.609,0.335502,72.6
"2,3-Dichlorobiphenyl",7335.438844,164.6415871,55.21398,740.59158,0.318685,73.4
"2,3prime-Dichlorobiphenyl",7335.655698,167.8778325,55.29424,740.63454,0.315586,77.8
"2,4-Dichlorobiphenyl",7335.641197,165.6496185,55.28842,740.63601,0.311422,75.4
"2,4prime-Dichlorobiphenyl",7335.640527,165.9752906,55.28626,740.63179,0.310096,76.5
"3,3prime-Dichlorobiphenyl",7335.714669,152.9047235,55.32234,740.65414,0.304095,81
"3,4-Dichlorobiphenyl",7335.512128,170.535367,55.24334,740.61529,0.300158,79.5
"3,4prime-Dichlorobiphenyl",7335.701089,170.5697235,55.31604,740.65343,0.299372,82
"4,4prime-Dichlorobiphenyl",7335.696206,152.499661,55.31261,740.65411,0.294904,81.4
"2,2prime,3-Trichlorobiphenyl",9515.298642,164.2199363,40.58878,844.12292,0.326144,79.9
"2,2prime,4-Trichlorobiphenyl",9515.525733,165.3396919,40.67061,844.17128,0.322233,81.6
"2,2prime,5-Trichlorobiphenyl",9515.500686,164.435106,40.66656,844.17104,0.319932,80.2
"2,2prime,6-Trichlorobiphenyl",9515.278867,163.8863863,40.5862,844.11483,0.328725,81
"2,3,3prime-Trichlorobiphenyl",9515.445446,168.3617765,40.62538,844.15274,0.31486,93.7
"2,3,4prime-Trichlorobiphenyl",9515.427448,166.398345,40.61676,844.14925,0.308782,81
"2,3,4-Trichlorobiphenyl",9515.236587,165.856837,40.53959,844.10799,0.310051,88.6
"2,3,6-Trichlorobiphenyl",9515.324123,161.2430067,40.5817,844.13283,0.325741,89.2
"2,3prime,4prime-Trichlorobiphenyl",9515.444325,170.4039162,40.62284,844.15324,0.306806,88.3
"2,3prime,4-Trichlorobiphenyl",9515.6454,169.8209056,40.69695,844.19576,0.307532,93.2
"2,3prime,5prime-Trichlorobiphenyl",9515.649336,169.4610405,40.69915,844.19595,0.312026,83.3
"2,3prime,5-Trichlorobiphenyl",9515.631744,167.8875673,40.69662,844.19674,0.307074,89.4
"2,4,4prime-Trichlorobiphenyl",9515.633487,167.4232605,40.69007,844.19296,0.302183,89.3
"2,4prime,5-Trichlorobiphenyl",9515.616439,166.3854901,40.68855,844.19346,0.302775,91.2
"2,4prime,6-Trichlorobiphenyl",9515.582262,161.255774,40.66872,844.17797,0.324646,82.9
"2,2prime,3,3prime-Tetrachlorobiphenyl",11695.07044,167.3085976,25.91035,947.63595,0.323373,94.7
"2,2prime,3,4prime-Tetrachlorobiphenyl",11695.2987,165.3969102,25.99256,947.68401,0.319205,95.2
"2,2prime,3,4-Tetrachlorobiphenyl",11695.08684,165.7189556,25.913,947.63845,0.32085,90.5
"2,2prime,3,5prime-Tetrachlorobiphenyl",11695.27001,166.4022422,25.98919,947.68446,0.316382,84.4
"2,2prime,3,6prime-Tetrachlorobiphenyl",11695.04431,166.5816928,25.90769,947.62653,0.32261,85.9
"2,2prime,3,6-Tetrachlorobiphenyl",11695.01832,165.5896906,25.90489,947.62832,0.319817,80.5
"2,2prime,4,4prime-Tetrachlorobiphenyl",11695.52402,167.0179323,26.07476,947.73262,0.31565,90.3
"2,2prime,4,5prime-Tetrachlorobiphenyl",11695.49482,166.0880929,26.07103,947.7327,0.31349,87.4
"2,2prime,4,5-Tetrachlorobiphenyl",11695.31029,166.1007926,25.99886,947.69279,0.313979,90.8
"2,2prime,4,6prime-Tetrachlorobiphenyl",11695.28311,165.5097849,25.98989,947.67602,0.322027,86.5
"2,2prime,4,6-Tetrachlorobiphenyl",11695.27399,165.444819,25.98936,947.67806,0.323273,81.2
"2,2prime,5,5prime-Tetrachlorobiphenyl",11695.47214,166.3544905,26.06804,947.73345,0.315542,84.5
"2,2prime,5,6prime-Tetrachlorobiphenyl",11695.26357,165.227467,25.98902,947.67761,0.317777,84.9
"2,2prime,6,6prime-Tetrachlorobiphenyl",11694.95671,167.9463202,25.89401,947.60383,0.328837,79.4
"2,3,3prime,4-Tetrachlorobiphenyl",11695.23905,169.8755452,25.9504,947.66888,0.306861,102.8
"2,3,4,4prime-Tetrachlorobiphenyl",11695.22274,167.6759879,25.9417,947.66533,0.3103,98.6
"2,3,4prime,5-Tetrachlorobiphenyl",11695.41439,166.8161899,26.01938,947.71246,0.301501,94.1
"2,3,4prime,6-Tetrachlorobiphenyl",11695.32217,162.8301467,25.98706,947.69192,0.317453,91.7
"2,3,5,6-Tetrachlorobiphenyl",11695.0775,162.5666152,25.90012,947.6482,0.319013,97.8
"2,3prime,4,4prime-Tetrachlorobiphenyl",11695.43728,172.1000475,26.02608,947.71436,0.29923,93
"2,3prime,4,5-Tetrachlorobiphenyl",11695.44175,170.0505039,26.02825,947.71858,0.301156,96.6
"2,3prime,4,6-Tetrachlorobiphenyl",11695.5705,164.2965046,26.07345,947.74146,0.320791,90.3
"2,3prime,4prime,5prime-Tetrachlorobiphenyl",11695.22789,171.6948526,25.94403,947.66794,0.303486,92.4
"2,3prime,4prime,6-Tetrachlorobiphenyl",11695.37392,164.920145,26.0022,947.69828,0.327105,92.8
"2,4,4prime,5-Tetrachlorobiphenyl",11695.43506,168.1527683,26.02069,947.71564,0.296694,94.4
"2,4,4prime,6-Tetrachlorobiphenyl",11695.57257,162.807453,26.07228,947.74159,0.32775,92.4
"2,2prime,3,3prime,6-Pentachlorobiphenyl",13874.78063,168.4088102,11.22441,1051.13979,0.315717,89.2
"2,2prime,3,4,4prime-Pentachlorobiphenyl",13875.08235,167.3613914,11.31735,1051.19997,0.314604,100.2
"2,2prime,3,4,5-Pentachlorobiphenyl",13874.84998,167.3450617,11.23494,1051.15461,0.312777,93.1
"2,2prime,3,4,5prime-Pentachlorobiphenyl",13875.06534,169.9550736,11.31428,1051.20028,0.311786,99.6
"2,2prime,3,4,6-Pentachlorobiphenyl",13874.80452,167.1856464,11.22799,1051.14516,0.315143,89
"2,2prime,3,4,6prime-Pentachlorobiphenyl",13874.82506,169.5463646,11.23115,1051.14093,0.322795,88.6
"2,2prime,3,4prime,5-Pentachlorobiphenyl",13875.27176,167.1139448,11.39391,1051.24779,0.311239,96
"2,2prime,3,4prime,5prime-Pentachlorobiphenyl",13875.07663,168.797409,11.32233,1051.20669,0.311342,96.3
"2,2prime,3,4prime,6-Pentachlorobiphenyl",13875.02057,167.1296407,11.30775,1051.18948,0.314736,89.2
"2,2prime,3,4prime,6prime-Pentachlorobiphenyl",13875.02647,168.7462183,11.30823,1051.18915,0.319016,96.3
"2,2prime,3,5,5prime-Pentachlorobiphenyl",13875.24555,168.6768152,11.3904,1051.24861,0.309126,97
"2,2prime,3,5,6-Pentachlorobiphenyl",13874.77244,166.9308438,11.22197,1051.14319,0.313579,88.5
"2,2prime,3,5prime,6-Pentachlorobiphenyl",13874.99007,167.4162278,11.30653,1051.19108,0.311519,92.3
"2,2prime,4,4prime,5-Pentachlorobiphenyl",13875.30721,167.8665894,11.40304,1051.25421,0.308118,102.3
"2,2prime,4,4prime,6-Pentachlorobiphenyl",13875.26522,167.1082938,11.39311,1051.23907,0.317971,92.1
"2,2prime,4,5prime,6-Pentachlorobiphenyl",13875.24554,168.2990796,11.39137,1051.2407,0.314193,91.6
"2,3,3prime,4,4prime-Pentachlorobiphenyl",13875.01676,172.6026882,11.27849,1051.18719,0.298493,106.7
"2,3,3prime,4,5-Pentachlorobiphenyl",13875.00463,170.2657609,11.27272,1051.18534,0.301195,106.9
"2,3,3prime,4prime,6-Pentachlorobiphenyl",13875.1199,166.5543,11.32009,1051.2123,0.312923,97.6
"2,3,3prime,5,6-Pentachlorobiphenyl",13875.07282,165.6849313,11.30666,1051.20743,0.312054,97.4
"2,3,3prime,5prime,6-Pentachlorobiphenyl",13875.30319,168.7529893,11.39219,1051.25271,0.314209,94.7
"2,3,4,4prime,5-Pentachlorobiphenyl",13874.98885,168.655523,11.26412,1051.1818,0.296464,107.1
"2,3,4,4prime,6-Pentachlorobiphenyl",13875.10354,164.5190796,11.31064,1051.20919,0.312491,97.4
"2,3,4prime,5,6-Pentachlorobiphenyl",13875.07259,164.2813835,11.3054,1051.20741,0.313051,96.9
"2,3prime,4,4prime,5-Pentachlorobiphenyl",13875.23828,172.78367,11.35594,1051.23659,0.293544,107.6
"2,3prime,4,4prime,5prime-Pentachlorobiphenyl",13875.22867,173.3727316,11.3518,1051.2307,0.29644,104.4
"2,3prime,4,4prime,6-Pentachlorobiphenyl",13875.36836,166.6443724,11.40535,1051.2618,0.315606,102.2
"2,3prime,4,5,5prime-Pentachlorobiphenyl",13875.43885,174.1941881,11.4333,1051.2804,0.298342,106.2
"2,3prime,4,5prime,6-Pentachlorobiphenyl",13875.55054,168.7036966,11.47728,1051.30229,0.316985,99.7
"2,2prime,3,3prime,4,5-Hexachlorobiphenyl",16054.6202,170.5395175,-3.44244,1154.66762,0.309878,99.3
"2,2prime,3,3prime,4,5prime-Hexachlorobiphenyl",16054.82717,171.0126693,-3.36178,1154.71509,0.309296,113.2
"2,2prime,3,3prime,4,6-Hexachlorobiphenyl",16054.55787,170.5150892,-3.45212,1154.65659,0.311362,96.6
"2,2prime,3,3prime,4,6prime-Hexachlorobiphenyl",16054.56704,171.1389442,-3.45169,1154.65443,0.313208,101.1
"2,2prime,3,3prime,5,6-Hexachlorobiphenyl",16054.52794,170.1167544,-3.45694,1154.6549,0.309787,92.1
"2,2prime,3,3prime,5,6prime-Hexachlorobiphenyl",16054.75959,171.9335402,-3.37341,1154.70383,0.308523,97
"2,2prime,3,4,4prime,5-Hexachlorobiphenyl",16054.85109,169.0291539,-3.36093,1154.71621,0.307258,105.3
"2,2prime,3,4,4prime,5prime-Hexachlorobiphenyl",16054.8713,171.7245911,-3.3532,1154.72236,0.3068,103.1
"2,2prime,3,4,4prime,6prime-Hexachlorobiphenyl",16054.81959,171.1619546,-3.36622,1154.70416,0.317008,100.9
"2,2prime,3,4,5,5prime-Hexachlorobiphenyl",16054.82313,170.9254463,-3.36296,1154.71762,0.305207,106.2
"2,2prime,3,4,5,6prime-Hexachlorobiphenyl",16054.58379,171.0352298,-3.44661,1154.65847,0.315558,94.6
"2,2prime,3,4,5prime,6-Hexachlorobiphenyl",16054.77747,170.1228797,-3.3701,1154.70776,0.307336,96.5
"2,2prime,3,4prime,5,5prime-Hexachlorobiphenyl",16055.06198,171.1729166,-3.27582,1154.77114,0.304507,106.8
"2,2prime,3,4prime,5prime,6-Hexachlorobiphenyl",16054.80102,170.3243158,-3.36053,1154.71353,0.307313,97.1
"2,2prime,3,5,5prime,6-Hexachlorobiphenyl",16054.72894,169.7106783,-3.37572,1154.70605,0.306239,92
"2,2prime,4,4prime,5,5prime-Hexachlorobiphenyl",16055.09682,171.7762967,-3.26647,1154.77763,0.301829,103.5
"2,2prime,4,4prime,5,6prime-Hexachlorobiphenyl",16055.04784,170.6814269,-3.27566,1154.76292,0.310128,96.9
"2,2prime,4,4prime,6,6prime-Hexachlorobiphenyl",16054.92337,171.3002766,-3.30174,1154.72976,0.318433,96.3
"2,3,3prime,4,4prime,5-Hexachlorobiphenyl",16054.78774,172.987699,-3.39846,1154.70341,0.293498,112.6
"2,3,3prime,4,4prime,6-Hexachlorobiphenyl",16054.90591,168.3754262,-3.35535,1154.7297,0.30848,110.7
"2,3,3prime,4prime,5,6-Hexachlorobiphenyl",16054.87259,168.089484,-3.36014,1154.72817,0.308935,106.7
"2,3,3prime,4prime,5prime,6-Hexachlorobiphenyl",16054.91165,170.9925398,-3.35345,1154.72874,0.3116,111.3
"2,3,3prime,5,5prime,6-Hexachlorobiphenyl",16055.05573,170.1720846,-3.28907,1154.76841,0.310357,104.2
"2,3prime,4,4prime,5,5prime-Hexachlorobiphenyl",16055.03884,176.3832176,-3.31701,1154.75425,0.291187,112.2
"3,3prime,4,4prime,5,5prime-Hexachlorobiphenyl",16054.70244,162.1229821,-3.46078,1154.68908,0.270349,112.2
"2,2prime,3,3prime,4,4prime,5-Heptachlorobiphenyl",18234.40812,172.9446809,-18.11883,1258.18313,0.305917,116
"2,2prime,3,3prime,4,5,5prime-Heptachlorobiphenyl",18234.60175,175.822325,-18.04087,1258.23197,0.303164,117.2
"2,2prime,3,3prime,4,5,6prime-Heptachlorobiphenyl",18234.33817,174.2835635,-18.12807,1258.17205,0.305931,103.3
"2,2prime,3,3prime,4,5prime,6-Heptachlorobiphenyl",18234.54779,174.7450415,-18.04948,1258.22089,0.30485,114.3
"2,2prime,3,3prime,4,5prime,6prime-Heptachlorobiphenyl",18234.31429,172.6279693,-18.13321,1258.16957,0.309094,102.9
"2,2prime,3,3prime,4,6,6prime-Heptachlorobiphenyl",18234.20749,174.1724197,-18.14828,1258.14662,0.306772,100.8
"2,2prime,3,3prime,5,5prime,6-Heptachlorobiphenyl",18234.5134,174.5406211,-18.05506,1258.21901,0.303623,105.5
"2,2prime,3,3prime,5,6,6prime-Heptachlorobiphenyl",18234.15973,173.8037876,-18.1534,1258.14497,0.304357,96.3
"2,2prime,3,4,4prime,5,5prime-Heptachlorobiphenyl",18234.64406,173.2789804,-18.03027,1258.2396,0.300834,111.9
"2,2prime,3,4,4prime,5,6-Heptachlorobiphenyl",18234.28546,170.5541327,-18.14152,1258.16462,0.310049,102
"2,2prime,3,4,4prime,5,6prime-Heptachlorobiphenyl",18234.58979,172.8373218,-18.04289,1258.22168,0.30899,102.8
"2,2prime,3,4,4prime,5prime,6-Heptachlorobiphenyl",18234.58923,172.4543043,-18.03715,1258.23019,0.303741,113.1
"2,2prime,3,4,5,5prime,6-Heptachlorobiphenyl",18234.27539,172.0308414,-18.14321,1258.16635,0.305181,99.6
"2,2prime,3,4prime,5,6,6prime-Heptachlorobiphenyl",18234.42097,172.7101508,-18.06808,1258.19507,0.312289,97.9
"2,3,3prime,4,4prime,5,5prime-Heptachlorobiphenyl",18234.59722,177.7146302,-18.0722,1258.22136,0.291394,122.1
"2,3,3prime,4,4prime,5,6-Heptachlorobiphenyl",18234.41131,170.1095517,-18.12852,1258.18896,0.306361,115.7
"2,3,3prime,4,4prime,5prime,6-Heptachlorobiphenyl",18234.68176,172.6792419,-18.03009,1258.2459,0.314961,120.5
"2,3,3prime,4,5,5prime,6-Heptachlorobiphenyl",18234.58398,172.1093579,-18.0564,1258.22944,0.307779,113.5
"2,3,3prime,4prime,5,5prime,6-Heptachlorobiphenyl",18234.67484,172.4567714,-18.03453,1258.24471,0.309846,113.2
"2,2prime,3,3prime,4,4prime,5,5prime-Octachlorobiphenyl",20414.1755,177.9300787,-32.79535,1361.70072,0.303443,119.6
"2,2prime,3,3prime,4,4prime,5,6-Octachlorobiphenyl",20413.84621,174.6183968,-32.90183,1361.62951,0.306669,117.3
"2,2prime,3,3prime,4,4prime,5,6prime-Octachlorobiphenyl",20414.10984,176.7772297,-32.80534,1361.6888,0.302633,111.4
"2,2prime,3,4,4prime,5,5prime,6-Octachlorobiphenyl",20414.07494,174.2654908,-32.81116,1361.68864,0.300469,110.7
"2,2prime,3,4,4prime,5,6,6prime-Octachlorobiphenyl",20413.94504,174.6627458,-32.83826,1361.65433,0.307275,104.4
"2,3,3prime,4,4prime,5,5prime,6-Octachlorobiphenyl",20414.2026,174.3967913,-32.80214,1361.70567,0.306906,125.5
"2,2prime,3,3prime,4,4prime,5,5prime,6-nonachlorobiphenyl",22593.60651,178.7973971,-47.578,1465.14746,0.299508,119
"2,2prime,3,3prime,4,4prime,5,6,6prime-nonachlorobiphenyl",22593.46606,178.5874206,-47.59849,1465.12114,0.300391,115.4
