Name,Ig,g1,g2, EA,Hardness,logKOW
3-Chlorobiphenyl,5.13574889,17.82470569,-76.91025879,-0.00572,0.308859,4.66
4-Chlorobiphenyl,2.91356669,20.03927281,-59.33957148,0.002822,0.289335,4.63
"2,2prime-Dichlorobiphenyl",4.0178056,19.18045882,-70.38324964,-0.019824,0.335502,4.72
"2,3-Dichlorobiphenyl",4.53552049,20.08300447,-73.70587773,-0.007351,0.318685,4.99
"2,3prime-Dichlorobiphenyl",4.5840512,18.90054298,-74.10880025,-0.00537,0.315586,4.84
"2,4-Dichlorobiphenyl",4.65446046,19.8134884,-74.5120589,-0.005353,0.311422,5.15
"2,4prime-Dichlorobiphenyl",4.67962314,19.73878835,-74.62298025,-0.005297,0.310096,5.09
"3,3prime-Dichlorobiphenyl",3.20883346,21.16007003,-64.36637364,0.003869,0.304095,5.27
"3,4-Dichlorobiphenyl",5.12489581,18.88874271,-77.54434398,0.001532,0.300158,5.23
"3,4prime-Dichlorobiphenyl",5.15628383,18.85981367,-77.78839125,0.003393,0.299372,5.15
"4,4prime-Dichlorobiphenyl",2.97018129,19.63885185,-60.51939164,0.002783,0.294904,5.23
"2,2prime,3-Trichlorobiphenyl",4.36795152,20.94650308,-72.92212425,-0.009841,0.326144,5.12
"2,2prime,4-Trichlorobiphenyl",4.13831754,20.39355704,-71.83426614,-0.006663,0.322233,5.39
"2,2prime,5-Trichlorobiphenyl",4.40010637,20.86142325,-73.20708728,-0.006888,0.319932,5.33
"2,2prime,6-Trichlorobiphenyl",4.36431741,21.08764683,-72.88163922,-0.011767,0.328725,5.04
"2,3,3prime-Trichlorobiphenyl",4.40636108,20.10192692,-73.75798017,0.001104,0.31486,5.6
"2,3,4prime-Trichlorobiphenyl",4.56946133,21.05407227,-74.73160949,0.001372,0.308782,5.29
"2,3,4-Trichlorobiphenyl",4.51034775,21.21792136,-74.28183002,-0.000303,0.310051,5.68
"2,3,6-Trichlorobiphenyl",4.31693398,22.39873738,-72.65867227,-0.009291,0.325741,5.44
"2,3prime,4prime-Trichlorobiphenyl",4.66089565,19.75828102,-75.4540768,0.001829,0.306806,5.71
"2,3prime,4-Trichlorobiphenyl",4.65979813,19.84783696,-75.36941633,0.003324,0.307532,5.54
"2,3prime,5prime-Trichlorobiphenyl",4.58384595,19.84633357,-75.03280391,0.003817,0.312026,5.71
"2,3prime,5-Trichlorobiphenyl",4.58396467,20.27075128,-74.71772822,0.004237,0.307074,5.65
"2,4,4prime-Trichlorobiphenyl",4.69137095,20.77632299,-75.47095602,0.00339,0.302183,5.71
"2,4prime,5-Trichlorobiphenyl",4.61497926,21.07779979,-75.01444197,0.004325,0.302775,5.68
"2,4prime,6-Trichlorobiphenyl",4.36453819,22.33882838,-72.93317957,-0.00843,0.324646,5.24
"2,2prime,3,3prime-Tetrachlorobiphenyl",3.74885772,20.61237059,-69.9793224,-0.005878,0.323373,5.67
"2,2prime,3,4prime-Tetrachlorobiphenyl",4.35064275,22.04885525,-73.65187444,-0.000933,0.319205,5.72
"2,2prime,3,4-Tetrachlorobiphenyl",4.36301245,22.01539609,-73.6336017,-0.002414,0.32085,5.79
"2,2prime,3,5prime-Tetrachlorobiphenyl",4.2418563,21.24086862,-72.44497428,-0.001135,0.316382,5.73
"2,2prime,3,6prime-Tetrachlorobiphenyl",4.20806049,21.23300906,-72.25859037,-0.006129,0.32261,4.84
"2,2prime,3,6-Tetrachlorobiphenyl",4.34027599,22.10096735,-73.53747524,-0.005206,0.319817,4.84
"2,2prime,4,4prime-Tetrachlorobiphenyl",4.04346311,21.29538199,-72.20078431,0.001924,0.31565,5.94
"2,2prime,4,5prime-Tetrachlorobiphenyl",4.38082317,21.86746962,-73.97575129,0.001706,0.31349,5.87
"2,2prime,4,5-Tetrachlorobiphenyl",4.37902501,21.87574426,-73.84215414,0.001058,0.313979,5.69
"2,2prime,4,6prime-Tetrachlorobiphenyl",4.4086869,22.11858122,-74.10928328,-0.00332,0.322027,5.51
"2,2prime,4,6-Tetrachlorobiphenyl",4.37027979,22.08740111,-73.64797221,-0.002051,0.323273,5.75
"2,2prime,5,5prime-Tetrachlorobiphenyl",3.84617112,21.31894383,-70.9940322,-0.001252,0.315542,5.79
"2,2prime,5,6prime-Tetrachlorobiphenyl",4.15370447,21.78258281,-72.19325364,-0.003508,0.317777,5.55
"2,2prime,6,6prime-Tetrachlorobiphenyl",3.80384906,20.45048083,-70.76772085,-0.010682,0.328837,5.24
"2,3,3prime,4-Tetrachlorobiphenyl",4.46604883,21.17072174,-74.85370568,0.007658,0.306861,6.1
"2,3,4,4prime-Tetrachlorobiphenyl",4.54767661,22.16573297,-75.31055838,-0.001323,0.3103,6.24
"2,3,4prime,5-Tetrachlorobiphenyl",4.4855991,22.41165416,-75.04550027,0.010664,0.301501,6.1
"2,3,4prime,6-Tetrachlorobiphenyl",4.32734245,23.41626622,-73.61829784,-0.001791,0.317453,5.76
"2,3,5,6-Tetrachlorobiphenyl",4.22911502,23.57987827,-73.00024884,-0.001678,0.319013,5.96
"2,3prime,4,4prime-Tetrachlorobiphenyl",4.70249866,20.74529206,-76.47763717,0.010049,0.29923,5.98
"2,3prime,4,5-Tetrachlorobiphenyl",4.6048072,21.17799232,-75.72448984,0.010915,0.301156,6.32
"2,3prime,4,6-Tetrachlorobiphenyl",4.30170251,22.41838777,-73.24336058,0.000913,0.320791,6.03
"2,3prime,4prime,5prime-Tetrachlorobiphenyl",4.61089176,20.78396819,-75.98832661,0.008879,0.303486,5.98
"2,3prime,4prime,6-Tetrachlorobiphenyl",4.3634942,22.30392731,-73.66211006,-0.009867,0.327105,5.76
"2,4,4prime,5-Tetrachlorobiphenyl",4.61144447,22.05347767,-75.80522688,0.010879,0.296694,6.1
"2,4,4prime,6-Tetrachlorobiphenyl",4.3665329,23.33804267,-73.7316875,-0.006418,0.32775,6.03
"2,2prime,3,3prime,6-Pentachlorobiphenyl",4.1863772,22.24096911,-73.09918057,0.000114,0.315717,5.6
"2,2prime,3,4,4prime-Pentachlorobiphenyl",4.40059839,23.01820571,-74.66038258,0.005817,0.314604,6.18
"2,2prime,3,4,5-Pentachlorobiphenyl",4.30228294,23.07890773,-74.14628918,0.005106,0.312777,6.38
"2,2prime,3,4,5prime-Pentachlorobiphenyl",4.40262218,21.79648336,-74.63270806,0.005705,0.311786,6.23
"2,2prime,3,4,6-Pentachlorobiphenyl",4.31767014,23.15353137,-74.20359793,0.003114,0.315143,6.5
"2,2prime,3,4,6prime-Pentachlorobiphenyl",4.42151715,21.99405263,-74.56845909,-0.002507,0.322795,5.6
"2,2prime,3,4prime,5-Pentachlorobiphenyl",4.35740265,23.11142997,-74.58998871,0.007244,0.311239,6.32
"2,2prime,3,4prime,5prime-Pentachlorobiphenyl",4.33063547,22.0830543,-73.89932732,0.006335,0.311342,6.3
"2,2prime,3,4prime,6-Pentachlorobiphenyl",4.3638865,23.16947108,-74.59224525,0.002647,0.314736,5.87
"2,2prime,3,4prime,6prime-Pentachlorobiphenyl",4.31443098,22.1154576,-73.92220498,0.002968,0.319016,6.04
"2,2prime,3,5,5prime-Pentachlorobiphenyl",4.21571479,22.22687538,-73.75551628,0.007027,0.309126,6.32
"2,2prime,3,5,6-Pentachlorobiphenyl",4.25708071,23.28107655,-74.00765592,0.00207,0.313579,6.06
"2,2prime,3,5prime,6-Pentachlorobiphenyl",3.99218152,22.49336913,-72.40316032,0.002536,0.311519,5.92
"2,2prime,4,4prime,5-Pentachlorobiphenyl",4.37830423,22.83255951,-74.72561483,0.008877,0.308118,6.41
"2,2prime,4,4prime,6-Pentachlorobiphenyl",4.40957176,23.09109752,-74.84040862,0.00547,0.317971,6.23
"2,2prime,4,5prime,6-Pentachlorobiphenyl",4.35530619,22.34952065,-74.28000601,0.00527,0.314193,6.11
"2,3,3prime,4,4prime-Pentachlorobiphenyl",4.53063997,21.93392773,-76.2296988,0.014155,0.298493,6.79
"2,3,3prime,4,5-Pentachlorobiphenyl",4.4187192,22.53195175,-75.28078409,0.014581,0.301195,6.92
"2,3,3prime,4prime,6-Pentachlorobiphenyl",4.32782159,23.3644818,-74.27304765,0.00393,0.312923,6.2
"2,3,3prime,5,6-Pentachlorobiphenyl",4.1821962,23.64672111,-73.36424547,0.004676,0.312054,6.41
"2,3,3prime,5prime,6-Pentachlorobiphenyl",4.41773123,22.194255,-74.8914744,0.004264,0.314209,6.45
"2,3,4,4prime,5-Pentachlorobiphenyl",4.46547424,23.39376858,-75.67691076,0.014721,0.296464,6.71
"2,3,4,4prime,6-Pentachlorobiphenyl",4.31161802,24.41845266,-74.24100117,0.006495,0.312491,6.44
"2,3,4prime,5,6-Pentachlorobiphenyl",4.25977703,24.53932535,-74.01125533,0.00373,0.313051,6.39
"2,3prime,4,4prime,5-Pentachlorobiphenyl",4.65972057,21.95510347,-76.99238932,0.017295,0.293544,6.57
"2,3prime,4,4prime,5prime-Pentachlorobiphenyl",4.63300364,21.76295591,-76.91236785,0.016487,0.29644,6.64
"2,3prime,4,4prime,6-Pentachlorobiphenyl",4.38843425,23.25312717,-74.56765519,0.006905,0.315606,6.4
"2,3prime,4,5,5prime-Pentachlorobiphenyl",4.5813864,21.33244608,-76.7057889,0.018838,0.298342,6.3
"2,3prime,4,5prime,6-Pentachlorobiphenyl",4.4563359,22.12517734,-74.82269688,0.007291,0.316985,6.42
"2,2prime,3,3prime,4,5-Hexachlorobiphenyl",4.26075913,23.14359895,-74.33631122,0.010173,0.309878,6.76
"2,2prime,3,3prime,4,5prime-Hexachlorobiphenyl",4.37050575,23.04060654,-75.20169973,0.0111,0.309296,7.3
"2,2prime,3,3prime,4,6-Hexachlorobiphenyl",4.26233521,23.17623821,-74.416204,0.007908,0.311362,6.78
"2,2prime,3,3prime,4,6prime-Hexachlorobiphenyl",4.37875509,23.06713107,-75.19336859,0.006105,0.313208,6.2
"2,2prime,3,3prime,5,6-Hexachlorobiphenyl",4.18604268,23.34236856,-74.04007508,0.007098,0.309787,6.2
"2,2prime,3,3prime,5,6prime-Hexachlorobiphenyl",4.22334877,22.30313898,-74.19868023,0.008034,0.308523,6.32
"2,2prime,3,4,4prime,5-Hexachlorobiphenyl",4.33865852,24.06867202,-75.20273894,0.012602,0.307258,6.82
"2,2prime,3,4,4prime,5prime-Hexachlorobiphenyl",4.38247422,22.76097351,-75.38667675,0.012589,0.3068,6.73
"2,2prime,3,4,4prime,6prime-Hexachlorobiphenyl",4.43110151,22.97708323,-75.50087503,0.008824,0.317008,6.58
"2,2prime,3,4,5,5prime-Hexachlorobiphenyl",4.21334622,23.05210579,-74.49783463,0.012442,0.305207,6.75
"2,2prime,3,4,5,6prime-Hexachlorobiphenyl",4.35326401,23.0802357,-75.19818843,0.003413,0.315558,6.56
"2,2prime,3,4,5prime,6-Hexachlorobiphenyl",4.25488727,23.34455745,-74.55624927,0.010021,0.307336,6.45
"2,2prime,3,4prime,5,5prime-Hexachlorobiphenyl",4.2614519,22.94010078,-74.9702449,0.013706,0.304507,6.85
"2,2prime,3,4prime,5prime,6-Hexachlorobiphenyl",4.1914723,23.19838404,-74.28904803,0.009226,0.307313,6.41
"2,2prime,3,5,5prime,6-Hexachlorobiphenyl",4.24366582,23.58175254,-74.58471536,0.009008,0.306239,6.42
"2,2prime,4,4prime,5,5prime-Hexachlorobiphenyl",3.97071074,22.6227669,-73.52539225,0.01516,0.301829,6.8
"2,2prime,4,4prime,5,6prime-Hexachlorobiphenyl",4.4196836,23.12195704,-75.5710026,0.011673,0.310128,6.65
"2,2prime,4,4prime,6,6prime-Hexachlorobiphenyl",3.82296314,22.35106405,-72.56913624,0.009008,0.318433,6.54
"2,3,3prime,4,4prime,5-Hexachlorobiphenyl",4.48392167,23.30062046,-76.67438629,0.020854,0.293498,7.44
"2,3,3prime,4,4prime,6-Hexachlorobiphenyl",4.33362378,24.32875457,-75.18918653,0.011626,0.30848,6.78
"2,3,3prime,4prime,5,6-Hexachlorobiphenyl",4.27726263,24.46511899,-74.84120791,0.009003,0.308935,6.78
"2,3,3prime,4prime,5prime,6-Hexachlorobiphenyl",4.43429489,23.07827634,-75.68203468,0.009362,0.3116,6.63
"2,3,3prime,5,5prime,6-Hexachlorobiphenyl",4.34759617,23.3210197,-75.08867977,0.009184,0.310357,7
"2,3prime,4,4prime,5,5prime-Hexachlorobiphenyl",4.60112386,22.25895475,-77.60421993,0.023173,0.291187,7.29
"3,3prime,4,4prime,5,5prime-Hexachlorobiphenyl",2.77725411,22.1651728,-62.82097544,0.038622,0.270349,7.55
"2,2prime,3,3prime,4,4prime,5-Heptachlorobiphenyl",4.35856004,23.99743863,-75.88928322,0.016061,0.305917,7.08
"2,2prime,3,3prime,4,5,5prime-Heptachlorobiphenyl",3.86178922,22.24100906,-73.48022463,0.0173,0.303164,7.21
"2,2prime,3,3prime,4,5,6prime-Heptachlorobiphenyl",4.19131119,23.08079769,-74.93234979,0.0126,0.305931,6.85
"2,2prime,3,3prime,4,5prime,6-Heptachlorobiphenyl",4.28593254,22.92410301,-75.58613296,0.014891,0.30485,6.92
"2,2prime,3,3prime,4,5prime,6prime-Heptachlorobiphenyl",4.31595103,24.18198088,-75.85847962,0.011072,0.309094,6.73
"2,2prime,3,3prime,4,6,6prime-Heptachlorobiphenyl",3.79758742,22.81473964,-72.79554687,0.011357,0.306772,6.55
"2,2prime,3,3prime,5,5prime,6-Heptachlorobiphenyl",4.38339039,23.11210177,-76.12432535,0.014064,0.303623,6.85
"2,2prime,3,3prime,5,6,6prime-Heptachlorobiphenyl",4.21715893,23.43323485,-75.05655154,0.011518,0.304357,6.41
"2,2prime,3,4,4prime,5,5prime-Heptachlorobiphenyl",4.24171481,23.82608646,-75.60995158,0.018681,0.300834,7.21
"2,2prime,3,4,4prime,5,6-Heptachlorobiphenyl",4.27822703,25.2380141,-75.69744535,0.010641,0.310049,7.13
"2,2prime,3,4,4prime,5,6prime-Heptachlorobiphenyl",4.3718187,23.98824557,-76.16918793,0.014914,0.30899,6.92
"2,2prime,3,4,4prime,5prime,6-Heptachlorobiphenyl",4.32922931,24.15224093,-75.90445379,0.015963,0.303741,7.04
"2,2prime,3,4,5,5prime,6-Heptachlorobiphenyl",4.26303782,24.4148267,-75.42382312,0.012335,0.305181,6.99
"2,2prime,3,4prime,5,6,6prime-Heptachlorobiphenyl",4.332286,24.14454154,-76.05521288,0.008844,0.312289,6.78
"2,3,3prime,4,4prime,5,5prime-Heptachlorobiphenyl",4.44758815,23.13626631,-77.45365078,0.026356,0.291394,7.72
"2,3,3prime,4,4prime,5,6-Heptachlorobiphenyl",4.26406914,25.40065487,-75.51853105,0.01377,0.306361,7.08
"2,3,3prime,4,4prime,5prime,6-Heptachlorobiphenyl",4.41920529,24.07590068,-76.33155083,0.009186,0.314961,7.21
"2,3,3prime,4,5,5prime,6-Heptachlorobiphenyl",4.32482356,24.28622261,-75.6723559,0.014061,0.307779,7.21
"2,3,3prime,4prime,5,5prime,6-Heptachlorobiphenyl",4.36874183,24.19032366,-76.15590445,0.012004,0.309846,7.21
"2,2prime,3,3prime,4,4prime,5,5prime-Octachlorobiphenyl",3.84677526,23.13675478,-74.18696805,0.018399,0.303443,7.62
"2,2prime,3,3prime,4,4prime,5,6-Octachlorobiphenyl",4.29879622,25.12680863,-76.41092652,0.01587,0.306669,7.35
"2,2prime,3,3prime,4,4prime,5,6prime-Octachlorobiphenyl",4.24340816,23.81497904,-76.04260223,0.019026,0.302633,7.43
"2,2prime,3,4,4prime,5,5prime,6-Octachlorobiphenyl",4.30704688,25.23495181,-76.71146395,0.019312,0.300469,7.49
"2,2prime,3,4,4prime,5,6,6prime-Octachlorobiphenyl",4.30976408,25.10554813,-76.64030251,0.016596,0.307275,7.48
"2,3,3prime,4,4prime,5,5prime,6-Octachlorobiphenyl",4.34562028,25.15446053,-76.73600648,0.017171,0.306906,7.62
"2,2prime,3,3prime,4,4prime,5,5prime,6-nonachlorobiphenyl",4.38182426,24.94295312,-77.67082678,0.022227,0.299508,7.94
"2,2prime,3,3prime,4,4prime,5,6,6prime-nonachlorobiphenyl",4.32864143,25.06257407,-77.32802269,0.02095,0.300391,7.88
