code_name,Ru_Partial charge,Ru_Dipole moment,Ru_Electrophil.,Ru_Nucleophil.,Ru_Radical attack,Ru_SASA,Ru_Buried volume,Ru_H bond with H2O,Ru_s proportion,Ru_p proportion,Ru_d proportion,Ru_Coord. numbers,Ru_Polariz. alpha,Ru_FOD,Ru_Dispersion,Ru_Pyramidalization,Ru_Pyramidaliz. volume,HOMO-LUMO gap,HOMO,LUMO,IP,EA,Dipole module,Total charge,Global SASA,G solv. in H2O,G of H-bonds H2O,Fermi-level,Total polariz. alpha,Total FOD,Hardness,Softness,Electronegativity,Electrophil. idx,Nucleophilicity idx,Second IP,Second EA,S0-T1 gap,MolLogP,conv,sel,sel2,yield,TON,TON2
CAAC.39_pre,0.1786,0.7359,0.051,0.0502,0.0506,0,0.9187,0,0.4261,0.6485,6.7688,4.0721,37.8053,0.5853,59.4042,0.701,5.9868,5.1569,-5.7725,-0.6156,6.1798,0.9831,2.2947,0,703.208,-16.3531,-1.5271,-8.4278,437.0795,1.3263,5.1967,0.1925,3.5814,1.2342,1.0908,9.9002,6.7125,30.7682,31.62678,56,35,0,20,65000,0
CAAC.38_pre,0.1949,0.6902,0.0456,0.0429,0.0443,0,0.9408,0,0.425,0.646,6.765,4.1021,37.8109,0.5767,60.9026,0.9432,7.6949,5.3932,-5.9576,-0.5644,6.132,1.1668,1.8262,0,827.4086,-16.1891,-1.491,-8.5067,528.0644,1.4494,4.9652,0.2014,3.6494,1.3411,1.0379,9.3906,7.5014,31.7478,12.68078,80,89,0,71,237000,0
sCAAC.18_pre,0.2217,0.7435,0.0488,0.0378,0.0427,0,0.9551,0,0.429,0.652,6.7544,4.0927,37.7799,0.5611,69.0325,0.9524,7.8694,5.2259,-5.811,-0.5852,6.0598,0.9792,1.3592,0,783.1833,-16.2344,-1.5049,-8.4004,512.819,1.3719,5.0806,0.1968,3.5195,1.219,1.1073,9.4715,6.9265,30.9666,11.98448,84,94,1,79,1579200,1
CAAC.09_pre,0.1883,0.7634,0.0505,0.0475,0.0495,0,0.9153,0,0.4278,0.6456,6.7691,4.1013,37.809,0.5825,58.2544,0.2129,2.5414,5.1328,-5.7819,-0.6491,6.1929,0.992,1.5464,0,649.0683,-16.1997,-1.5196,-8.4555,378.9,1.3365,5.2008,0.1923,3.5924,1.2408,1.0863,10.042,6.7103,30.1913,8.8717,37,86,0,32,110000,0
NHC.102_pre,0.1117,0.7453,0.045,0.0578,0.0515,0,0.916,0,0.4189,0.6454,6.8055,4.1456,37.8748,0.5759,55.7266,0.0175,0.7219,5.2393,-5.5063,-0.267,6.0288,0.9187,2.1757,0,847.6604,-17.4178,-1.5666,-8.2727,520.1302,1.3339,5.1101,0.1957,3.4737,1.1807,1.1319,9.5241,7.3641,32.0152,11.80604,18,83,0,15,7500,0
CAAC.08_pre,0.0817,0.542,0.0526,0.0587,0.0561,0,0.9788,0,0.4516,0.7224,6.7964,4.4066,37.9246,0.8074,74.6227,0.0137,0.1177,3.2124,-4.9765,-1.7641,5.6521,1.5573,2.7299,0,973.9722,-15.9138,-1.5985,-8.3868,765.6914,2.3339,4.0948,0.2443,3.6047,1.5866,0.9558,8.849,8.1386,18.4782,19.21837,37,91,1,34,34000,0
sCAAC.19_pre,0.1639,0.6743,0.0467,0.0417,0.0442,0,0.957,0,0.4224,0.6549,6.7587,4.3435,37.8155,0.556,68.4682,0.3383,3.1612,5.298,-5.8326,-0.5346,6.1096,1.0266,2.6346,0,727.3132,-19.3192,-1.6451,-8.4312,476.1981,1.382,5.0831,0.1968,3.5681,1.2524,1.0858,9.6955,7.0155,31.392,10.94198,63,98,1,61.7,1234800,1
sCAAC.14_pre,0.2238,0.7475,0.0471,0.0374,0.0423,0,0.9581,0,0.4304,0.6544,6.752,4.0836,37.7842,0.5582,68.2988,0.953,7.869,5.2371,-5.8053,-0.5683,6.0645,0.9579,1.5541,0,745.6569,-16.2446,-1.4932,-8.3886,494.5896,1.3596,5.1067,0.1958,3.5112,1.2071,1.1139,9.562,6.9033,31.1747,11.72252,56,97,1,54.3,1086400,1
CAAC.36_pre,0.1791,0.6982,0.0473,0.0447,0.046,0,0.9376,0,0.425,0.6459,6.7672,4.0763,37.8072,0.5754,59.276,0.9242,7.5526,5.3864,-5.935,-0.5486,6.1932,1.0502,2.0157,0,722.3441,-16.1837,-1.4885,-8.4848,453.2932,1.3627,5.143,0.1944,3.6217,1.2752,1.0677,9.7941,7.0314,31.6876,10.62018,81,89,0,72,242000,0
CAAC.05_pre,0.1088,0.5369,0.0676,0.0484,0.058,0,0.9847,0,0.4518,0.7186,6.8089,4.398,37.9212,0.7842,73.7783,0.0362,0.3034,3.2162,-4.9687,-1.7525,5.6643,1.433,0.6032,0,911.1868,-16.8273,-1.5328,-8.3714,717.625,2.1155,4.2313,0.2364,3.5487,1.4882,0.997,9.0002,7.6973,19.9293,16.02341,57,89,0,51,51000,0
CAAC.37_pre,0.1886,0.7091,0.0515,0.0461,0.0489,0,0.9384,0,0.425,0.6426,6.7754,4.0962,37.8059,0.5791,62.5274,0.7751,6.4759,5.2859,-5.8874,-0.6015,6.1571,1.0571,2.1426,0,769.621,-15.7786,-1.4785,-8.4791,488.1691,1.3729,5.1,0.1961,3.607,1.2756,1.0698,9.6882,7.0277,30.9213,11.52758,80,90,1,72,240000,0
CAAC.04_pre,0.1131,0.5326,0.0604,0.0635,0.0619,0,0.9789,0,0.45,0.7178,6.8042,4.408,37.9389,0.8084,72.635,0.0205,0.1814,2.9175,-4.8953,-1.9778,5.7407,1.5528,1.1914,0,814.7125,-16.1035,-1.4681,-8.4361,615.7124,2.0954,4.1879,0.2388,3.6467,1.5877,0.9505,9.2779,7.7521,17.7504,14.16001,1,0,0,0,0,0
sCAAC.15_pre,0.2173,0.7405,0.0469,0.0373,0.0421,0,0.955,0,0.4286,0.6564,6.7502,4.1011,37.7855,0.5598,70.5677,0.9469,7.7424,5.2212,-5.7447,-0.5236,6.058,0.9534,1.3492,0,771.7024,-16.3613,-1.5264,-8.3771,501.0798,1.3574,5.1046,0.1959,3.5057,1.2038,1.1162,9.4519,6.9119,31.405,11.59438,59,96,1,56.6,1132800,1
CAAC.06_pre,0.0697,0.5426,0.0687,0.051,0.0593,0,0.9842,0,0.4505,0.7169,6.8144,4.3999,37.9184,0.8169,74.5122,0.0366,0.3283,3.2086,-4.9426,-1.7341,5.6445,1.4763,1.7475,0,951.8412,-16.3804,-1.563,-8.3822,740.9827,2.1945,4.1682,0.2399,3.5604,1.5208,0.984,8.9765,7.7681,18.6027,56.13777,60,88,0,53,53000,0
CAAC.35_pre,0.1807,0.699,0.0481,0.0447,0.0468,0,0.9389,0,0.4244,0.6447,6.7679,4.0861,37.8057,0.5774,58.4887,0.9378,7.6289,5.3868,-5.9431,-0.5563,6.2038,1.052,1.9189,0,715.8886,-16.1791,-1.4806,-8.4911,441.6438,1.3623,5.1518,0.1941,3.6279,1.2774,1.066,9.8391,7.0202,31.5521,10.23008,83,88,0,73,244000,0
sCAAC.17_pre,0.2157,0.7435,0.0471,0.0358,0.0411,0,0.9554,0,0.429,0.6568,6.7516,4.1055,37.7917,0.5542,64.9409,0.954,7.9303,5.2172,-5.6963,-0.4791,6.055,0.962,1.5571,0,774.6381,-19.0696,-1.9857,-8.3902,499.1083,1.3593,5.0929,0.1964,3.5085,1.2085,1.1137,9.4551,6.9531,31.512,10.87688,69,95,1,65.6,1311000,1
AAOC.4_pre,0.125,0.7887,0.051,0.0487,0.0498,0,0.9206,0,0.4189,0.6355,6.8285,4.1265,37.8841,0.5366,57.4501,0.9426,7.8219,5.5192,-5.9317,-0.4125,6.2831,0.9065,1.5441,0,697.7335,-16.2591,-1.6383,-8.451,395.5862,1.1874,5.3766,0.186,3.5948,1.2017,1.1021,10.0276,6.6155,33.5488,8.66808,52,97,1,50,100000,0
sCAAC.16_pre,0.2151,0.7419,0.0481,0.0345,0.0419,0,0.9556,0,0.4295,0.655,6.7535,4.091,37.7918,0.5515,67.9517,0.9476,7.7582,5.2415,-5.7383,-0.4968,6.0919,1.0127,1.5841,0,757.2537,-17.8845,-1.947,-8.4468,487.4702,1.3616,5.0792,0.1969,3.5523,1.2422,1.0922,9.4645,7.015,31.6941,10.83438,66,96,1,63.4,1267200,1
CAAC.07_pre,0.116,0.5419,0.0623,0.0639,0.0623,0,0.981,0,0.45,0.722,6.805,4.397,37.937,0.8185,72.8516,0.0344,0.3013,2.8973,-4.8977,-2.0004,5.7527,1.5653,1.5041,0,835.5041,-15.7384,-1.4801,-8.4502,638.9656,2.1144,4.1874,0.2388,3.659,1.5986,0.9454,9.2474,7.7741,17.964,15.28201,69,87,0,60,60000,0
CAAC.34_pre,0.2049,0.7122,0.0457,0.0408,0.0432,0,0.9556,0,0.4291,0.6594,6.7493,3.994,37.7969,0.5623,67.7897,0.9486,7.8284,5.363,-5.8726,-0.5095,6.0926,0.9399,1.9748,0,788.1479,-16.9494,-1.5103,-8.3758,511.5325,1.3428,5.1528,0.1941,3.5163,1.1998,1.1161,9.5833,6.9288,32.2064,37.55548,55,97,1,54,179000,0
CAAC.31_pre,0.2015,0.7324,0.0462,0.0415,0.0437,0,0.9453,0,0.4296,0.6559,6.7505,4.0433,37.7862,0.5685,63.6069,0.9382,7.76,5.2402,-5.8123,-0.5721,6.0986,0.9523,1.7723,0,792.941,-16.7664,-1.5732,-8.3869,488.2823,1.3626,5.1463,0.1943,3.5254,1.2075,1.1113,9.597,6.9097,31.0778,11.25588,54,91,1,49,164000,0
CAAC.02_pre,0.1091,0.5428,0.0615,0.0569,0.0584,0,0.9765,0,0.45,0.714,6.8091,4.4031,37.9339,0.8054,76.5478,0.0503,0.4503,2.8629,-4.7549,-1.8921,5.6568,1.4443,0.8116,0,819.7487,-18.1645,-1.6863,-8.3496,615.3062,2.0677,4.2125,0.2374,3.5506,1.4963,0.9938,9.1628,7.6209,18.3489,14.26889,3,0,0,0,0,0
sCAAC.12_pre,0.2203,0.7599,0.0514,0.0494,0.0507,0,0.9432,0,0.4282,0.652,6.7603,4.0824,37.8104,0.5994,61.223,0.0692,1.668,4.8842,-5.6035,-0.7193,6.1268,1.1013,1.5622,0,751.397,-16.8162,-1.4565,-8.4721,482.991,1.4475,5.0255,0.199,3.6141,1.2995,1.0593,9.6808,7.0244,29.281,11.49578,73,95,1,69.4,1387000,1
CAAC.30_pre,0.2053,0.7419,0.047,0.0424,0.0446,0,0.946,0,0.4288,0.6536,6.7544,4.0575,37.7885,0.5716,66.9,0.9599,8.0443,5.2201,-5.8082,-0.5881,6.0966,0.9518,1.6201,0,782.2086,-16.9792,-1.6153,-8.3954,476.5952,1.3696,5.1449,0.1944,3.5242,1.207,1.1117,9.5996,6.8886,30.819,11.0019,36,90,1,32,107000,0
CAAC.03_pre,0.1134,0.5489,0.0624,0.0479,0.0551,0,0.9855,0,0.451,0.716,6.8051,4.4049,37.9239,0.7933,80.7278,0.0227,0.1964,3.0305,-4.807,-1.7765,5.5539,1.3937,0.5577,0,918.8838,-18.6956,-1.7298,-8.2892,717.4807,2.137,4.1602,0.2404,3.4738,1.4504,1.0209,8.9183,7.6817,18.6574,16.13229,21,92,1,19,19000,0
CAAC.01_pre,0.1033,0.5208,0.0604,0.0551,0.0585,0,0.981,0,0.4508,0.7158,6.804,4.4071,37.9308,0.8049,77.7757,0.0787,0.6768,2.9926,-4.8694,-1.8768,5.6932,1.4858,1.7924,0,858.1869,-16.8134,-1.517,-8.3933,638.9198,2.0914,4.2074,0.2376,3.5895,1.5312,0.9766,9.1805,7.6721,18.3244,14.66797,1,0,0,0,0,0
CAAC.32_pre,0.1937,0.7069,0.0463,0.0429,0.0451,0,0.9471,0,0.4274,0.6558,6.7571,4.0395,37.804,0.5685,61.1492,0.8206,6.9081,5.3058,-5.8571,-0.5514,6.1087,0.9593,2.1648,0,764.7918,-17.2303,-1.5472,-8.3982,488.1746,1.3591,5.1493,0.1942,3.534,1.213,1.1077,9.6257,6.927,31.6036,11.5629,57,95,1,54,181000,0
CAAC.33_pre,0.1731,0.6887,0.0495,0.0484,0.049,0,0.9408,0,0.422,0.6521,6.774,3.9952,37.8228,0.5871,60.8049,0.959,8.2367,5.2357,-5.8129,-0.5772,6.0916,0.9811,2.2351,0,846.7898,-18.3296,-1.6607,-8.391,534.5646,1.3843,5.1104,0.1957,3.5363,1.2235,1.1026,9.5265,6.9426,31.1436,12.72608,68,87,0,59,197000,0
CAAC.29_pre,0.1689,0.6953,0.0477,0.0453,0.0465,0,0.9529,0,0.4232,0.6626,6.7643,4.3191,37.83,0.5558,62.5918,0.5021,4.4955,5.3886,-5.9103,-0.5217,6.1388,0.9951,1.7335,0,724.6387,-17.569,-1.4731,-8.4223,464.9142,1.3464,5.1437,0.1944,3.567,1.2369,1.092,9.8108,6.9723,31.9497,10.83758,35,92,1,33,108000,0
CAAC.28_pre,0.2051,0.7344,0.0478,0.0441,0.0454,0,0.9481,0,0.429,0.659,6.749,4.0491,37.79,0.5672,64.2508,0.9613,8.066,5.2147,-5.7424,-0.5277,6.1631,0.972,1.6366,0,701.1586,-16.5605,-1.4668,-8.4209,441.7032,1.3456,5.1911,0.1926,3.5675,1.2259,1.0965,9.8619,6.901,31.5608,10.1935,44,89,0,39,132000,0
CAAC.19_pre,0.2012,0.7566,0.0475,0.0438,0.0463,0,0.9324,0,0.4289,0.6502,6.7629,4.0597,37.8214,0.5601,60.0174,0.9509,7.902,5.3438,-5.9504,-0.6066,6.1414,0.9615,1.5779,0,712.3262,-16.5281,-1.4471,-8.4196,437.1977,1.3042,5.1799,0.1931,3.5514,1.2174,1.1027,9.8806,6.7749,31.6684,11.02788,16,97,1,15,50000,0
NHC.112_pre,0.1004,0.7671,0.035,0.053,0.0438,0,0.9176,0,0.421,0.6656,6.7237,4.2358,37.7793,0.5852,56.9963,0.015,1.6486,5.0703,-5.3611,-0.2908,5.9324,1.0536,3.6687,0,759.1464,-23.1392,-1.8439,-8.2655,428.6957,1.4759,4.8788,0.2049,3.493,1.2504,1.0983,9.63,7.2814,30.2116,9.18039,19,71,0,13,6700,0
CAAC.18_pre,0.1822,0.746,0.049,0.0453,0.0477,0,0.9334,0,0.427,0.652,6.764,4.084,37.822,0.5636,71.8217,0.0584,1.489,5.3497,-5.9312,-0.5814,6.1545,0.9702,1.5173,0,715.6416,-16.5329,-1.446,-8.425,443.7207,1.3068,5.1843,0.1929,3.5624,1.2239,1.0981,9.8905,6.7754,31.4544,11.17198,13,97,1,13,43000,0
NHC.117_pre,0.1691,0.7392,0.0261,0.0511,0.0392,0,0.9306,0,0.427,0.6821,6.6837,4.1657,37.757,0.6368,61.6369,0.0514,2.2751,4.3111,-4.882,-0.5709,5.7679,1.1648,6.3262,0,761.525,-26.1045,-1.9602,-8.1714,468.0263,1.6854,4.6031,0.2172,3.4663,1.3052,1.0796,9.3905,7.6329,29.1235,10.80526,33,98,1,32,32000,0
CAAC.15_pre,0.1382,0.6725,0.0474,0.0462,0.0474,0,0.9348,0,0.4222,0.6625,6.7726,4.4546,37.8582,0.5663,60.1805,0.068,0.6738,5.3222,-5.8499,-0.5277,6.1035,0.9125,2.2823,0,681.0811,-17.9272,-1.6406,-8.3701,401.8891,1.314,5.1911,0.1926,3.508,1.1853,1.1239,9.8933,6.6622,31.1721,9.70634,26,86,0,22,73000,0
CAAC.26_pre,0.2052,0.7339,0.0477,0.044,0.0454,0,0.9495,0,0.4291,0.6597,6.7474,4.0567,37.7903,0.5662,64.1538,0.9383,7.5951,5.2569,-5.7891,-0.5322,6.1611,0.9724,1.624,0,708.456,-16.5417,-1.4525,-8.4247,453.3501,1.3463,5.1887,0.1927,3.5668,1.2259,1.0966,9.8333,6.9019,31.6466,10.7545,61,95,1,58,192000,0
CAAC.40_pre,0.1355,0.713,0.0436,0.0476,0.0457,0,0.9171,0,0.428,0.6594,6.747,4.1416,37.8221,0.5621,52.9606,0.0295,1.0888,5.7092,-6.2858,-0.5765,6.2332,1.1831,1.2841,0,762.5634,-15.6172,-1.4795,-8.5826,458.0298,1.3865,5.0501,0.198,3.7081,1.3614,1.0219,9.7549,7.3968,32.5339,31.07508,46,94,1,44,44800,0
CAAC.14_pre,0.14,0.6533,0.0526,0.0513,0.0513,0,0.9401,0,0.417,0.655,6.787,4.623,37.864,0.5905,54.6006,0.0682,0.8528,5.1262,-5.774,-0.6478,6.1678,1.016,1.9086,0,669.153,-17.5083,-1.5087,-8.4497,402.0749,1.3667,5.1518,0.1941,3.5919,1.2522,1.0817,10.0762,6.7147,29.4487,9.90448,22,63,0,14,47000,0
CAAC.27_pre,0.2037,0.731,0.047,0.0446,0.0458,0,0.9503,0,0.428,0.6599,6.7494,4.0528,37.7984,0.5677,66.5511,0.9373,7.7073,5.2435,-5.7435,-0.5,6.1203,0.9426,2.2204,0,732.1811,-17.0364,-1.5516,-8.3828,464.8506,1.3446,5.1777,0.1931,3.5315,1.2044,1.1116,9.7444,6.8901,31.6816,11.06292,60,93,1,56,186000,0
CAAC.41_pre,0.1285,0.7264,0.0434,0.0462,0.0448,0,0.9047,0,0.4289,0.6657,6.7393,4.1363,37.8175,0.5581,51.7798,0.8912,7.3332,5.7833,-6.3179,-0.5346,6.2934,1.1666,1.3118,0,697.1841,-14.6355,-1.4188,-8.5996,395.435,1.3317,5.1268,0.195,3.73,1.3569,1.0206,9.9145,7.2854,33.2765,9.06398,46,91,1,42,42600,0
CAAC.25_pre,0.2066,0.716,0.046,0.043,0.0443,0,0.9557,0,0.4291,0.6585,6.747,4.0326,37.7955,0.5613,67.0176,0.9503,7.8996,5.3205,-5.8252,-0.5047,6.144,0.9564,1.9692,0,717.2627,-16.7137,-1.4394,-8.4019,464.9844,1.3346,5.1877,0.1928,3.5502,1.2148,1.104,9.8207,6.9164,32.1122,11.17938,47,98,1,46,150000,0
CAAC.16_pre,0.1473,0.672,0.0475,0.0462,0.0474,0,0.9426,0,0.4217,0.6587,6.7775,4.4581,37.8598,0.5614,64.865,0.1456,1.3243,5.3056,-5.8962,-0.5906,6.1347,0.9633,1.8495,0,677.8952,-17.329,-1.5035,-8.413,413.6864,1.3181,5.1715,0.1934,3.5491,1.2179,1.1029,9.9383,6.7395,31.2145,10.2129,42,92,1,39,130000,0
CAAC.43_pre,0.1534,0.6467,0.0464,0.05,0.0488,0,0.953,0,0.419,0.647,6.788,4.29,37.868,0.6034,61.4036,0.2084,3.064,5.2015,-5.7558,-0.5543,6.1059,0.9729,2.199,0,712.0629,-17.0053,-1.4078,-8.387,455.2218,1.374,5.133,0.1948,3.5394,1.2203,1.1035,9.8502,6.7844,30.8064,11.56208,0.3,81,0,0.2,116,0
sCAAC.07_pre,0.2238,0.7509,0.0496,0.031,0.0404,0,0.9556,0,0.4284,0.6526,6.757,4.1057,37.7806,0.5584,69.1542,0.9469,7.756,5.162,-5.7166,-0.5547,6.0015,1.024,1.9821,0,791.7019,-19.6408,-2.0079,-8.4424,504.4463,1.3938,4.9775,0.2009,3.5127,1.2395,1.0998,9.3131,6.9461,31.0428,11.12288,72,94,1,67.7,1353600,1
CAAC.24_pre,0.1985,0.7146,0.0467,0.0443,0.0455,0,0.9471,0,0.4283,0.6599,6.75,4.0294,37.798,0.5652,64.0179,0.8848,7.2641,5.3124,-5.8304,-0.5179,6.1767,0.97,2.0879,0,695.1582,-16.7507,-1.4675,-8.4293,441.6401,1.3412,5.2067,0.192,3.5734,1.2263,1.0954,9.8838,6.9039,31.912,10.3644,57,94,1,54,180000,0
CAAC.17_pre,0.1811,0.7606,0.0522,0.0485,0.0497,0,0.9145,0,0.425,0.642,6.7789,4.1099,37.817,0.5796,56.7663,0.0695,1.5686,5.2499,-5.8809,-0.6309,6.1327,0.955,1.8081,0,697.2102,-17.5428,-1.626,-8.4037,408.5534,1.3347,5.1777,0.1931,3.5438,1.2128,1.106,9.8929,6.6812,29.7852,9.85044,19,78,0,14,47000,0
CAAC.42_pre,0.1289,0.7175,0.0435,0.0471,0.0452,0,0.9077,0,0.428,0.659,6.746,4.1518,37.8208,0.5625,53.5373,0.013,0.5186,5.6584,-6.2476,-0.5892,6.2123,1.1829,0.9955,0,770.9254,-15.6663,-1.4216,-8.5689,464.5634,1.3975,5.0294,0.1988,3.6976,1.3592,1.0243,9.7283,7.4022,32.1802,10.79748,14,27,0,4,4100,0
CAAC.12_pre,0.1836,0.7451,0.0474,0.0462,0.0462,0,0.9252,0,0.428,0.658,6.7533,4.0557,37.813,0.5592,56.5873,0.9416,7.646,5.4124,-5.9423,-0.5299,6.203,0.9468,1.961,0,658.8197,-16.1936,-1.4847,-8.4275,402.13,1.2848,5.2562,0.1903,3.5749,1.2157,1.0995,9.9613,6.7492,32.2908,9.6068,18,94,1,17,57000,0
CAAC.21_pre,0.1361,0.6718,0.0485,0.0488,0.0488,0,0.9351,0,0.4198,0.6646,6.7756,4.3754,37.8562,0.5655,59.6531,0.1544,1.9782,5.3712,-5.8991,-0.5279,6.0998,0.9631,2.3673,0,706.8768,-19.528,-1.6628,-8.387,429.6377,1.3588,5.1367,0.1947,3.5315,1.214,1.1075,9.8158,6.9144,31.086,9.85784,41,83,0,34,110000,0
sCAAC.03_pre,0.2127,0.7407,0.0477,0.0428,0.0452,0,0.9541,0,0.428,0.658,6.748,4.1005,37.789,0.5588,72.561,0.9571,8.0059,5.2405,-5.7534,-0.5129,6.1356,0.9708,1.6315,0,726.793,-16.3583,-1.4699,-8.4084,471.4242,1.3404,5.1648,0.1937,3.5532,1.2222,1.1004,9.7412,6.923,31.6918,11.10568,45,96,1,43.2,864000,1
CAAC.46_pre,0.2074,0.6844,0.0503,0.0476,0.0491,0,0.9402,0,0.4244,0.6269,6.8048,4.0133,37.8432,0.619,17.0467,0.91,7.7071,4.8748,-5.6722,-0.7973,6.0763,1.03,1.6742,0,682.6146,-17.8051,-1.4609,-8.4116,425.4002,1.4392,5.0463,0.1982,3.5531,1.2509,1.0884,9.8872,6.7549,28.2245,10.603,4.4,77,0,3.4,1705,0
CAAC.13_pre,0.1852,0.7341,0.0472,0.046,0.0466,0,0.9325,0,0.4275,0.6553,6.755,4.073,37.8105,0.5783,58.2418,0.9386,7.6919,5.2666,-5.8277,-0.5611,6.1871,0.9679,2.047,0,675.2522,-15.8088,-1.4693,-8.4296,413.9212,1.3184,5.2192,0.1916,3.5775,1.2261,1.0948,9.9822,6.7493,31.5504,10.24768,19,97,1,18,60000,0
CAAC.20_pre,0.1515,0.6469,0.0517,0.0529,0.0529,0,0.9501,0,0.42,0.6598,6.7852,4.605,37.881,0.6003,66.7072,0.0914,1.2926,5.1337,-5.8256,-0.6918,6.1137,1.0417,1.8153,0,714.2213,-17.9598,-1.4197,-8.4355,456.5381,1.4015,5.0719,0.1971,3.5777,1.2618,1.0801,9.795,6.8054,29.9915,10.54198,5,0,0,0,0,0
CAAC.44_pre,0.145,0.6365,0.045,0.0462,0.045,0,0.9533,0,0.419,0.659,6.78,4.7979,37.87,0.5638,66.3209,0.0088,0.1532,5.421,-5.8599,-0.4388,6.0693,0.9157,2.0663,0,706.5414,-17.8676,-1.4721,-8.3411,448.6244,1.3157,5.1536,0.194,3.4925,1.1834,1.1274,9.8288,6.7507,31.7939,11.41798,0.7,80,0,0.5,257,0
CAAC.22_pre,0.1882,0.7296,0.0484,0.0451,0.0472,0,0.9406,0,0.4258,0.6532,6.7631,4.122,37.8102,0.5739,62.5744,0.4831,4.4315,5.1662,-5.769,-0.6028,6.1492,1.003,1.8839,0,686.5128,-17.1138,-1.4804,-8.4388,429.9803,1.3756,5.1462,0.1944,3.5761,1.2426,1.0882,9.8847,6.9185,30.573,9.8034,46,85,0,39,130000,0
CAAC.11_pre,0.1745,0.7467,0.0473,0.0473,0.0473,0,0.927,0,0.427,0.657,6.755,4.069,37.804,0.5622,64.1018,0.9363,7.5641,5.3479,-5.8624,-0.5145,6.2152,0.9403,1.9693,0,652.8931,-16.0566,-1.5123,-8.4241,390.552,1.2785,5.2749,0.1896,3.5777,1.2133,1.1001,10.0336,6.7047,32.1353,9.4327,59,92,1,54,180000,0
CAAC.45_pre,0.1572,0.6853,0.0477,0.0471,0.0477,0,0.9382,0,0.4204,0.6414,6.7928,4.2803,37.8468,0.5819,58.3309,0.1542,2,5.2263,-5.8105,-0.5842,6.0854,0.9572,1.779,0,691.4742,-17.9486,-1.4814,-8.3673,431.862,1.3538,5.1282,0.195,3.5213,1.209,1.1114,9.8675,6.7342,30.0907,10.7471,3.7,93,1,3.4,1720,0
CAAC.23_pre,0.1433,0.6754,0.0485,0.0466,0.0472,0,0.9399,0,0.4201,0.655,6.7816,4.2486,37.8513,0.5822,62.466,0.1162,1.6447,5.1817,-5.8316,-0.65,6.0979,1.0394,2.17,0,706.4004,-18.3548,-1.4913,-8.4271,441.5172,1.4219,5.0585,0.1977,3.5686,1.2588,1.0828,9.8475,6.9843,29.5671,10.05738,48,88,0,43,140000,0
CAAC.10_pre,0.181,0.7575,0.0478,0.0444,0.0461,0,0.9274,0,0.4284,0.6541,6.7575,4.0829,37.8022,0.5618,61.8166,0.5632,4.5909,5.3427,-5.8973,-0.5545,6.1946,0.9445,1.741,0,653.1628,-16.111,-1.4931,-8.4301,390.6303,1.2893,5.2501,0.1904,3.5695,1.2135,1.1014,10.0188,6.7047,31.6779,9.12568,42,88,0,37,120000,0
