code_name,barrier,Ir_partial charges,Ir_mulliken charges,Ir_cm5 charges,Ir_FUKUI+,Ir_FUKUI-,Ir_FUKUIrad,Ir_s proportion,Ir_p proportion,Ir_d proportion,Ir_Coordination numbers,Ir_Dispersion coefficient C6,Ir_Polarizability alpha,Ir_FOD,Ir_FOD s proportion,Ir_FOD p proportion,Ir_FOD d proportion,total energy,HOMO-LUMO gap/eV,electronic energy,Dipole module/D,Total charge,HOMO,LUMO,Fermi-level/eV,Total dispersion C6,Total dispersion C8,Total polarizability alpha,Total FOD,MaxAbsEStateIndex,MaxEStateIndex,MinAbsEStateIndex,MinEStateIndex,qed,MolWt,HeavyAtomMolWt,ExactMolWt,NumValenceElectrons,NumRadicalElectrons,FpDensityMorgan1,FpDensityMorgan2,FpDensityMorgan3,AvgIpc,BalabanJ,BertzCT,Chi0,Chi0n,Chi0v,Chi1,Chi1n,Chi1v,Chi2n,Chi2v,Chi3n,Chi3v,Chi4n,Chi4v,HallKierAlpha,Ipc,Kappa1,Kappa2,Kappa3,LabuteASA,PEOE_VSA1,PEOE_VSA10,PEOE_VSA11,PEOE_VSA12,PEOE_VSA13,PEOE_VSA14,PEOE_VSA2,PEOE_VSA3,PEOE_VSA4,PEOE_VSA5,PEOE_VSA6,PEOE_VSA7,PEOE_VSA8,PEOE_VSA9,SMR_VSA1,SMR_VSA10,SMR_VSA2,SMR_VSA3,SMR_VSA4,SMR_VSA5,SMR_VSA6,SMR_VSA7,SMR_VSA8,SMR_VSA9,SlogP_VSA1,SlogP_VSA10,SlogP_VSA11,SlogP_VSA12,SlogP_VSA2,SlogP_VSA3,SlogP_VSA4,SlogP_VSA5,SlogP_VSA6,SlogP_VSA7,SlogP_VSA8,SlogP_VSA9,TPSA,EState_VSA1,EState_VSA10,EState_VSA11,EState_VSA2,EState_VSA3,EState_VSA4,EState_VSA5,EState_VSA6,EState_VSA7,EState_VSA8,EState_VSA9,VSA_EState1,VSA_EState10,VSA_EState2,VSA_EState3,VSA_EState4,VSA_EState5,VSA_EState6,VSA_EState7,VSA_EState8,VSA_EState9,FractionCSP3,HeavyAtomCount,NHOHCount,NOCount,NumAliphaticCarbocycles,NumAliphaticHeterocycles,NumAliphaticRings,NumAromaticCarbocycles,NumAromaticHeterocycles,NumAromaticRings,NumHAcceptors,NumHDonors,NumHeteroatoms,NumRotatableBonds,NumSaturatedCarbocycles,NumSaturatedHeterocycles,NumSaturatedRings,RingCount,MolLogP,MolMR,fr_Al_COO,fr_Al_OH,fr_Al_OH_noTert,fr_ArN,fr_Ar_COO,fr_Ar_N,fr_Ar_NH,fr_Ar_OH,fr_COO,fr_COO2,fr_C_O,fr_C_O_noCOO,fr_C_S,fr_HOCCN,fr_Imine,fr_NH0,fr_NH1,fr_NH2,fr_N_O,fr_Ndealkylation1,fr_Ndealkylation2,fr_Nhpyrrole,fr_SH,fr_aldehyde,fr_alkyl_carbamate,fr_alkyl_halide,fr_allylic_oxid,fr_amide,fr_amidine,fr_aniline,fr_aryl_methyl,fr_azide,fr_azo,fr_barbitur,fr_benzene,fr_benzodiazepine,fr_bicyclic,fr_diazo,fr_dihydropyridine,fr_epoxide,fr_ester,fr_ether,fr_furan,fr_guanido,fr_halogen,fr_hdrzine,fr_hdrzone,fr_imidazole,fr_imide,fr_isocyan,fr_isothiocyan,fr_ketone,fr_ketone_Topliss,fr_lactam,fr_lactone,fr_methoxy,fr_morpholine,fr_nitrile,fr_nitro,fr_nitro_arom,fr_nitro_arom_nonortho,fr_nitroso,fr_oxazole,fr_oxime,fr_para_hydroxylation,fr_phenol,fr_phenol_noOrthoHbond,fr_phos_acid,fr_phos_ester,fr_piperdine,fr_piperzine,fr_priamide,fr_prisulfonamd,fr_pyridine,fr_quatN,fr_sulfide,fr_sulfonamd,fr_sulfone,fr_term_acetylene,fr_tetrazole,fr_thiazole,fr_thiocyan,fr_thiophene,fr_unbrch_alkane,fr_urea
ir_tbp_1_dft-pet3_1_dft-sime_1_dft-co_1_dft-icn_1_smi1_1_s_1,14.8,-0.077336556727698,-0.197588717964276,0.182771077073007,-0.105301214457507,-0.151752681224761,-0.128534333358181,0.5391886968738281,0.7361146423596011,7.922352286441322,3.645998449654191,312.0815294841534,32.506035330608384,0.213098836953998,0.004,0.009408463970026,0.199593622873751,-63.9468225574121,2.315277273502723,-64.77027749176669,1.549424271840989,0,-8.09977939033508,-5.784523195296244,-6.942151091364021,23585.454949657546,725236.3936888666,240.1028365878997,0.433998043935923,13.314607426303848,13.314607426303848,0.497209467120182,-8.362708333333329,0.193135908875499,478.5529999999998,453.3530000000003,479.1308164900907,117,1,1.4,1.95,2.3,2.9111891896227693,5.317005973856978,1138.8218712790997,36.85337115112852,34.43868429626089,12.728229077884958,19.231362683200373,16.77579199829696,12.59520936981384,2.719932051411288,18.176304940173296,1.834544038456071,19.13732540062283,1.05945041381172,13.60664828440816,0.119350649350649,209707216.3331788,3.612722092015976,7.402783106522563,2.7280918048453,160.26118611732855,0,0,0,0,0,158.97553312970138,0,0,0,0,0,0,0,0,58.749251676692815,11.579653491433035,0.0,9.799819461700956,3.6628146803742574,20.55567635188704,45.287413086810254,4.679615947422297,0,4.661288433380882,0.0,0.0,0,5.499714011694174,61.16717202825007,24.48028777243725,9.34090438080318,54.82464025614259,3.6628146803742574,0.0,0.0,0,55.81,100.8558146232408,9.446712008711188,0.0,0.0,10.741227913119744,0.0,0.0,0.0,0.0,3.6628146803742574,34.2689639042555,217.4716566672965,-8.362708333333329,10.18789682539682,0.0,-7.409359567901236,0.0,0.0,-14.492667233560104,-30.9225961356765,0.0,0.769230769230769,20,0,5,0,1,1,0,0,0,4,0,7,11,0,1,1,1,2.05479,79.74200000000005,0,0,0,0,0,0,0,0,0,0,0,1,0,0,0,3,0,0,0,2,0,0,0,0,0,0,0,0,0,0,0,0,0,0,0,0,0,0,0,0,0,0,0,0,0,0,0,0,0,1,0,0,0,0,0,0,0,0,0,0,0,0,0,0,0,0,0,0,0,0,0,0,0,0,0,0,0,0,0,0,0,0,0,0,0
ir_tbp_1_dft-nme3_1_dft-sime_1_dft-hicn_1_dft-itcn_1_smi1_1_s_1,12.4,-0.059074249037303,-0.140025714393813,0.214817140170668,-0.122,-0.151,-0.136571410632816,0.518,0.645999999999999,7.976571451480847,3.375285725740439,309.09842885261224,32.289142865139844,0.280142858936718,0.005999999999999,0.011,0.263428589367183,-53.33435428715126,2.103483300704752,-54.03451363969749,6.185856301261069,0,-7.771299970801161,-5.667828482103181,-6.719557083422141,17549.70681594152,561618.7388908381,208.6564675851356,0.592799992133014,8.21219246031746,8.21219246031746,0.5585879629629621,-7.247916666666663,0.346087695010061,434.58899999999977,414.42900000000014,435.1063194600906,99,1,1.529411764705882,2.176470588235294,2.588235294117647,2.725089915709318,4.844839990124764,923.1381488437588,30.060477932315067,27.97764960129699,11.189263772848864,15.981362683200372,13.492488246314965,8.490898830599464,2.391016072292336,9.542603495323482,1.396386156430769,8.525026085186907,0.82250737286296,5.657096602477729,-0.18064935064935,8353163.616825459,3.104804650415829,5.211423533932585,2.491853986772713,140.579106039522,0,0,0,0,0,139.61008659790184,0,0,0,0,0,0,0,0,51.63278569510904,17.379135295172244,0.0,9.799819461700956,3.6628146803742574,0.0,47.87285387004312,4.679615947422297,0,4.5830616480800455,5.254916304020531,0.0,0,12.217873443046695,65.98737598930283,15.768173940092865,9.262677595502344,26.044412567234176,3.6628146803742574,1.4118420783282,0.0,0,42.64,81.27390402469244,0.0,0.0,0.0,0.0,0.0,5.161261852125547,4.5830616480800455,0.0,21.13560442744149,27.45625464556237,159.2579662698412,-2.774922524565379,-1.117175925925925,4.182003023431595,0.0,0.0,0.0,0.0,-28.46453750944824,0.0,0.7000000000000001,17,1,5,0,1,1,0,0,0,4,1,7,8,0,1,1,1,-1.166309999999996,66.41210000000004,0,0,0,0,0,0,0,0,0,0,0,0,1,0,0,4,1,0,0,2,0,0,0,0,0,0,0,0,0,0,0,0,0,0,0,0,0,0,0,0,0,0,0,0,0,0,0,0,0,0,1,0,0,0,0,0,0,0,0,0,0,0,0,0,0,0,0,0,0,0,0,0,0,0,1,0,0,0,0,0,0,0,0,0,0
ir_tbp_1_dft-pyz_1_dft-pme3_1_dft-hicn_1_chloride_1_smi1_1_s_1,10.5,0.03044801,-0.07635,0.28791,-0.031,-0.107,-0.069,0.496,0.66,7.921,3.623,301.874,31.968,0.3565,0.006,0.007,0.343,-43.97726471,0.8626669100000001,-44.53970384,5.466,0,-8.4947,-7.632,-8.0633,13483.190277,493126.760733,188.157217,0.9306,7.956342592592592,7.956342592592592,0.232291666666666,-6.122037037037037,0.6846969294991171,410.86499999999984,396.75300000000016,411.0226674182704,79,1,1.642857142857142,2.285714285714285,2.785714285714285,2.4047023803179832,4.437699697371077,778.3953262131243,22.508071689507773,20.50015218834239,10.545625915984916,12.308566297394195,9.82686519883617,12.969294568686667,1.8448633633401887,20.156919170974188,0.9868455794039912,17.774777549698104,0.471341307553441,6.200374567881075,-0.06064935064935,258745.97612221492,2.989750112243046,4.206757497680068,2.123467380886407,111.53027355202391,0,0,0,0,0,110.8680494682013,0,0,0,0,0,0,0,0,41.74717324592904,15.083313644473268,0.0,4.983978520947208,0.0,0.0,19.77894156551277,24.691580843259043,0,4.5830616480800455,8.492425899550476,0.0,0,15.083313644473268,24.762920086459985,14.02304403783748,4.5830616480800455,17.819861230212858,24.691580843259043,1.4118420783282,0.0,0,40.57,63.99328045830346,0.0,0.0,3.237509595529944,0.0,0.0,0.0,0.0,4.5830616480800455,10.23889482496774,28.81530294132015,110.59344387755098,-6.122037037037037,3.269642857142857,2.7309830876795163,-5.445100308641974,0.0,0.0,-4.032534958427815,-11.117645975056693,6.456581790123453,0.375,14,1,3,0,0,0,0,1,1,1,1,6,5,0,0,0,1,-0.007899999999999,55.225700000000025,0,0,0,0,0,2,0,0,0,0,0,0,0,0,0,2,1,0,0,0,0,0,0,0,0,0,0,0,0,0,0,0,0,0,0,0,0,0,0,0,0,0,0,0,1,0,0,0,0,0,0,0,0,0,0,0,0,0,0,0,0,0,0,0,0,0,0,0,0,0,0,0,0,0,0,0,0,0,0,0,0,0,0,0,0
ir_tbp_1_dft-pme3_1_dft-ime_1_dft-iacn_1_dft-cch_1_smi1_1_s_1,9.4,-0.150310716112092,-0.428785049864861,-0.114473809056207,-0.105,-0.158,-0.132,0.5630000000000001,0.839,8.027,3.724,319.438750793044,32.891,0.287000238828814,0.005,0.016,0.267,-51.46709095794117,2.057144344202328,-52.25601825714036,3.7557584987932753,0,-6.99776233516026,-4.940624175823109,-5.969199494027701,19032.995590258422,622167.8938058831,221.4607388630256,0.6027503582432221,8.14419564121945,8.14419564121945,0.230108654572939,-7.030347222222219,0.378245450365465,430.51199999999983,409.3440000000002,431.1096871220906,97,1,1.470588235294117,2.176470588235294,2.6470588235294112,2.870053799688041,4.843905087941504,1003.0986048741954,30.71517847069432,29.122187715333165,11.411732496957232,16.455159561796727,14.108745973749755,12.054592991230487,2.445794513083144,17.653015756113486,1.4395639232082391,16.11837892574522,0.852076863291634,9.913193076251083,-0.53064935064935,14453361.330925005,2.807167391901061,4.992687934495123,2.362104995223268,137.97525471390315,0,0,0,0,0,136.87548662199623,0,0,0,0,0,0,0,0,43.5761513581471,5.499714011694174,0.0,9.799819461700956,0.0,0.0,40.70642226635951,21.8766416870492,0,15.416737837045403,0.0,0.0,0,5.499714011694174,50.50624172806046,14.79022167857246,20.096353784467706,28.78592967957461,12.352013058044266,0.0,4.845012681582633,0,10.84,78.0279869620927,0.0,0.0,9.799819461700956,0.0,0.0,6.399401534821945,4.5830616480800455,4.434274654143415,4.845012681582633,28.78592967957461,168.43978702129004,-7.030347222222219,2.5643400415721853,0.0,-6.082052469135806,0.0,0.0,-1.456266534391533,-23.12990528155708,0.0,0.5,17,0,3,0,1,1,0,0,0,2,0,5,7,0,0,0,1,2.26859,74.60500000000003,0,0,0,0,0,0,0,0,0,0,0,0,0,0,0,3,0,0,0,0,0,0,0,0,0,0,0,0,0,0,0,0,0,0,0,0,0,0,0,0,0,0,0,0,0,0,0,0,0,0,0,0,0,0,0,0,0,0,0,0,0,0,0,0,0,0,0,0,0,0,0,0,0,0,0,0,0,0,1,0,0,0,0,0,0
ir_tbp_1_dft-pet3_1_dft-py_1_dft-co_1_dft-sh_1_smi1_1_s_1,8.9,-0.025346890662574,-0.199845689711757,0.157683794643793,-0.027022742689751,-0.127115829868304,-0.077008675890703,0.500377404071734,0.740501853175739,7.958980024477183,3.649812395613739,307.1454826428637,32.24806366037819,0.301955854934923,0.005999460969788,0.011999999999999,0.284393228100281,-53.03976006974779,0.931707944358534,-53.74121141652656,1.032379867266031,0,-8.337638968522366,-7.405938973844632,-7.871448207681488,20458.90578068883,703091.9257296593,230.71434894090405,0.8736793961221121,12.875438869992436,12.875438869992436,0.168788580246913,-7.204328703703702,0.405154623186379,450.5639999999999,429.3960000000002,451.0694275822706,97,1,1.411764705882353,2.0,2.4117647058823533,2.721851356181245,5.084974484997968,1043.8883769717654,30.878315177510853,29.04425710526097,12.150298467812767,16.546746824102588,14.081298251600282,14.000482049813844,2.227445338669514,21.716951862640524,1.4641426518769212,22.056405479315806,0.720772584633346,12.38692325220251,0.319350649350649,18289316.876778506,3.141239654047586,6.475594398500124,2.682403465523338,140.99491908883945,0,0,0,0,0,140.16383632332412,0,0,0,0,0,0,0,0,49.097149011557775,15.910836891233073,1.123799173032188,0.0,0.0,20.55567635188704,18.342039917613874,30.473046544619407,0,4.661288433380882,3.237509595529944,0.0,0,15.910836891233073,19.465839090646064,18.4444682926234,4.661288433380882,47.97084747529147,30.473046544619407,0.0,0.0,0,23.78,99.0738931733374,4.652174824639367,0.0,3.237509595529944,0.0,4.661288433380882,0.0,0.0,0.0,0.0,28.538970296436585,183.15053079333583,-7.204328703703702,0.0,0.0,-6.694327758881329,0.0,-3.669141589506172,-16.5917936271731,-12.765024683484516,-0.7536922083648281,0.5,17,0,2,0,0,0,0,1,1,1,1,5,9,0,0,0,1,3.075400000000002,74.13850000000005,0,0,0,0,0,1,0,0,0,0,0,0,0,0,0,1,0,0,0,0,0,0,1,0,0,0,0,0,0,0,0,0,0,0,0,0,0,0,0,0,0,0,0,0,0,0,0,0,0,0,0,0,0,0,0,0,0,0,0,0,0,0,0,0,0,0,0,0,0,0,0,0,0,1,0,0,0,0,0,0,0,0,0,0,0
ir_tbp_1_dft-pme3_1_dft-sime_1_dft-co_1_dft-icn_1_smi1_1_s_1,15.5,-0.074636274237603,-0.195505554513948,0.185609350510599,-0.111659503845063,-0.154863801538025,-0.132795702307038,0.5397765541089931,0.733204297692961,7.922659503845064,3.647999999999999,311.828084480261,32.493136198461976,0.209298085180195,0.004,0.009999999999999,0.195068099230987,-54.45664283771059,2.36486274617108,-55.1420739635948,1.609519916872373,0,-8.138713162932389,-5.773856446368609,-6.956300352134781,16904.40799572824,552789.799043485,205.18429312288097,0.426182625775413,12.63476048752834,12.63476048752834,0.643893140589569,-7.445833333333331,0.217122365044553,436.4719999999999,417.3200000000002,437.0838662980905,99,1,1.470588235294117,2.058823529411764,2.4117647058823533,2.71480044891881,4.748357677138422,885.4198860692035,29.35337115112852,26.93868429626089,11.228229077884958,15.481362683200372,13.025791998296958,11.84520936981384,2.38452185478632,17.170074350298393,1.387330442956112,15.38564402808945,0.8137944657804881,9.3818369385001,0.119350649350649,5269840.321019647,3.409592719217263,5.401185211271582,2.605457755751965,132.7365367731319,0,0,0,0,0,131.63220708869196,0,0,0,0,0,0,0,0,50.52470033967148,11.579653491433035,0.0,9.799819461700956,3.6628146803742574,0.0,46.724314734709154,4.679615947422297,0,4.661288433380882,0.0,0.0,0,5.499714011694174,62.60407367614896,24.48028777243725,9.34090438080318,26.044412567234176,3.6628146803742574,0.0,0.0,0,55.81,81.73703991925265,9.446712008711188,0.0,0.0,6.079939479738863,4.661288433380882,0.0,0.0,0.0,3.6628146803742574,26.044412567234176,164.35835285966238,-7.445833333333331,10.15409580498866,0.0,-6.299984567901236,0.0,0.0,0.643893140589569,-28.68830168178384,0.0,0.7000000000000001,17,0,5,0,1,1,0,0,0,4,0,7,8,0,1,1,1,0.8844900000000001,65.89100000000003,0,0,0,0,0,0,0,0,0,0,0,1,0,0,0,3,0,0,0,2,0,0,0,0,0,0,0,0,0,0,0,0,0,0,0,0,0,0,0,0,0,0,0,0,0,0,0,0,0,1,0,0,0,0,0,0,0,0,0,0,0,0,0,0,0,0,0,0,0,0,0,0,0,0,0,0,0,0,0,0,0,0,0,0,0
ir_tbp_1_dft-pet3_1_dft-pet3_1_dft-hicn_1_dft-sh_1_smi1_1_s_1,4.1,-0.037212747687532,-0.241546425961419,0.098303339694294,-0.128083551506838,-0.098380745126426,-0.113305305770627,0.507657680794467,0.721137348661802,8.012986455777694,3.73986434083706,308.5640641395857,32.32662582489127,0.247099300014825,0.003,0.020039036531802,0.223434327981746,-59.24197714332112,2.057006402769755,-60.027542996168044,3.154093224692713,0,-7.923226524929248,-5.866245714755808,-6.894764133739174,29093.09736395312,968222.6390114158,272.0158910031548,0.524627299928008,8.941388888888884,8.86230788611741,1.21033950617284,-8.941388888888884,0.38473738618346,488.6379999999997,456.3820000000002,489.13434994427087,111,1,1.055555555555555,1.444444444444444,1.666666666666666,2.78701422912052,11.276609070664012,1084.3981685148178,41.621320343559645,40.58322241029707,13.58369096384878,21.12132034355964,19.521601297368267,17.775612982278158,2.268885352050492,34.82607121728996,1.597703872224126,43.562093976053184,0.720795590105001,30.84616917730863,1.349350649350649,957188958.609882,2.56992262097707,7.955130627119327,2.848466666403397,167.02237613746107,0,0,0,0,0,165.76005462211376,0,0,0,0,0,0,0,0,60.84721035907264,21.410550902927245,1.123799173032188,0.0,0.0,41.11135270377408,36.68407983522774,0.0,0,4.5830616480800455,5.254916304020531,0.0,0,21.410550902927245,37.80787900825993,13.057695291617245,4.5830616480800455,82.23410938888067,0.0,1.4118420783282,0.0,0,23.8,112.2636787335463,0.0,0.0,0.0,0.0,0.0,4.5830616480800455,0.0,0.0,5.254916304020531,43.65839793646701,268.1864050296044,-8.941388888888884,0.0,2.480306122448979,-15.633410493827162,0.0,0.0,-31.45681972789118,-28.77580191798944,-1.4148456790123451,0.923076923076923,18,1,1,0,0,0,0,0,0,1,2,5,15,0,0,0,0,3.699900000000002,90.92270000000006,0,0,0,0,0,0,0,0,0,0,0,0,0,0,0,0,1,0,0,0,0,0,1,0,0,0,0,0,0,0,0,0,0,0,0,0,0,0,0,0,0,0,0,0,0,0,0,0,0,0,0,0,0,0,0,0,0,0,0,0,0,0,0,0,0,0,0,0,0,0,0,0,0,0,0,0,0,0,0,0,0,0,0,0,0
ir_tbp_1_dft-py_1_dft-sime_1_dft-hicn_1_dft-no2_1_smi1_1_s_1,9.0,-0.079021422721736,-0.182198000533503,0.247665998462589,-0.028,-0.145,-0.087,0.507,0.636,8.039000000000001,3.583,312.07699987074454,32.50039998855881,0.40248000194877,0.013,0.007,0.382,-58.224060262014,0.6623863096520171,-58.93824738339849,4.079399996985116,0,-7.628679989455167,-6.966319971360111,-7.297499977124191,16694.23481104052,512765.48224205937,203.6427700036436,1.049920002499088,12.617713529856385,12.617713529856385,0.064444444444443,-6.865231481481478,0.33844906821201,442.4989999999999,426.3710000000002,443.0927775720905,105,1,1.5789473684210522,2.210526315789474,2.684210526315789,2.8473856311680503,3.301879305852512,1067.0977538028585,27.68771625426936,24.885897891760848,11.281015482385,15.539504664937562,12.206298877253186,8.79646117107382,2.721909504014852,9.49436688003757,1.749510886576798,8.412469047365581,1.08069380983167,5.820796027247975,-1.39064935064935,9015392.385404283,4.05566193961219,5.3089659794776605,2.149623442747652,137.4152370875063,0,0,0,0,0,136.42277629686572,0,0,0,0,0,0,0,0,49.82754125708114,0.0,0.0,9.799819461700956,0.0,0.0,26.945373169196383,45.26698076080728,0,4.5830616480800455,8.492425899550476,0.0,0,0.0,40.3389136274536,15.768173940092865,19.376995864267915,20.561378342553297,30.473046544619407,1.4118420783282,0.0,0,77.3,91.25975005958816,10.114318268765572,0.0,3.237509595529944,0.0,0.0,0.0,4.5830616480800455,0.0,5.254916304020531,21.9732204208815,124.20186843873354,-6.865231481481478,11.647624716553285,15.259063681027964,0.0,0.0,-3.359835653397164,-2.693784958427816,-15.189704743008315,0.0,0.363636363636363,19,1,7,0,1,1,0,1,1,4,1,8,5,0,1,1,2,-1.862809999999996,62.38310000000001,0,0,0,0,0,1,0,0,0,0,0,0,0,0,0,4,1,0,0,2,0,0,0,0,0,0,0,0,0,0,0,0,0,0,0,0,0,0,0,0,0,0,0,0,0,0,0,0,0,0,0,0,0,0,0,0,0,0,1,0,0,0,0,0,0,0,0,0,0,0,0,0,0,1,0,0,0,0,0,0,0,0,0,0,0
ir_tbp_1_dft-pme3_1_dft-nme3_1_dft-iacn_1_dft-cn_1_smi1_1_s_1,6.5,-0.082580555230323,-0.248663330320842,0.077393336145799,-0.204999999999999,-0.181,-0.193,0.493999999999999,0.678666646664257,8.076,3.468,311.97033326508256,32.473,0.2462,0.004,0.024,0.218999999999999,-45.06424000335425,2.281646284000308,-45.705607554620414,6.764999767001732,0,-7.54276669679157,-5.261100002824595,-6.401933349808083,14572.135063495443,482710.8289269332,191.94183999386783,0.461266673491743,10.263932823129249,10.263932823129249,0.9035493827160492,-7.864652777777778,0.658668601403215,394.47899999999976,373.31100000000015,395.1085899622706,83,1,1.357142857142857,2.0,2.357142857142857,2.425932619793773,9.342474287129168,769.9037681982361,29.121320343559645,27.622187715333165,9.911732496957232,14.767766952966369,13.143936910083116,10.9633542816,1.827050983124842,17.194831297069015,0.89235032770828,15.330324750264854,0.418633899812498,7.792187630561975,0.019350649350649,1751950.315632188,2.05330992779347,4.257089141513247,2.331529655661779,120.69534357704607,0,0,0,0,0,119.42793695955096,0,0,0,0,0,0,0,0,46.97294624873393,5.499714011694174,5.261891554738487,0.0,0.0,0.0,47.68224916664175,4.845012681582633,0,9.16612329616009,0.0,0.0,0,5.499714011694174,50.83568997207497,15.033575763726072,14.428014850898576,28.78592967957461,0.0,0.0,4.845012681582633,0,28.15,71.3689797474952,5.261891554738487,0.0,0.0,0.0,4.5830616480800455,4.5830616480800455,0.0,0.0,4.845012681582633,28.78592967957461,162.2164932917611,-7.864652777777778,2.735763888888888,10.263932823129249,-6.521990740740737,0.0,0.0,0.0,-30.273990929705228,0.0,0.777777777777777,14,0,3,0,0,0,0,0,0,1,0,5,8,0,0,0,0,1.98478,61.50840000000005,0,0,0,0,0,0,0,0,0,0,0,0,0,0,0,3,0,0,0,0,0,0,0,0,0,0,0,0,0,0,0,0,0,0,0,0,0,0,0,0,0,0,0,0,0,0,0,0,0,0,0,0,0,0,0,0,0,1,0,0,0,0,0,0,0,0,0,0,0,0,0,0,0,0,1,0,0,0,0,0,0,0,0,0,0
ir_tbp_1_dft-asme3_1_dft-iz_1_dft-co_1_dft-oh_1_smi1_1_s_1,17.9,0.024124687136477,-0.016759289094503,0.316708966536722,-0.095824646926571,-0.202754216146671,-0.149192954357747,0.489807045642252,0.6361401248621671,7.891245783853328,3.449421136926757,301.8183966745802,31.93450843229335,0.25071569381636,0.004,0.007,0.239771817430991,-42.328954537995166,1.530718814829164,-42.81417756070325,6.064076879263847,0,-7.782970832464127,-6.252272237988532,-7.017601358444207,11181.53424209639,427523.1569709608,171.50033479613728,0.526183909627938,11.95726344009826,11.95726344009826,0.035162037037037,-6.597291666666666,0.5384101898551871,425.34,411.2280000000002,425.9884048482704,75,1,1.923076923076923,2.692307692307692,3.076923076923077,2.648550180303899,4.379661053198926,715.3408386814687,21.800964908321227,19.99147070076093,10.263164703609576,11.886063221579628,9.4757254426002,14.872894576624605,1.728838540919535,23.83700593859666,0.9261911912103112,19.445242048376382,0.430103055595486,8.709257726893851,0.117792207792207,202222.10336656333,2.6193835281237323,3.700837111051546,1.9662198955475887,101.59496980093716,0,0,0,0,0,100.96806673735097,0,0,0,0,0,0,0,0,45.037117503488425,11.032893227817684,1.431199657232634,3.237509595529944,0.0,16.918896184305726,0.0,18.64916213559575,0,4.661288433380882,4.977003270229252,0.0,0,0.0,19.56858780355692,18.332184157911648,4.661288433380882,16.44910267404264,18.64916213559575,18.330738262633925,0.0,0,59.2,60.28096088099144,4.652174824639367,0.0,8.214512865759197,0.0,4.661288433380882,0.0,0.0,0.0,3.866985322976655,19.29214440960348,124.73563184996222,-13.089814814814815,-0.03995559334845,0.0,-11.358905895691612,0.0,0.0,-3.43445554610733,0.0,0.0,0.428571428571428,13,2,4,0,0,0,0,1,1,2,1,6,6,0,0,0,1,0.308599999999999,46.525000000000034,0,0,0,0,0,2,1,0,0,0,0,0,0,0,0,1,1,0,0,0,0,1,0,0,0,0,0,0,0,0,0,0,0,0,0,0,0,0,0,0,0,0,0,0,0,0,0,1,0,0,0,0,0,0,0,0,0,0,0,0,0,0,0,0,0,0,0,0,0,0,0,0,0,0,0,0,0,0,0,0,0,0,0,0,0
ir_tbp_1_dft-pet3_1_dft-ime_1_dft-co_1_dft-cch_1_smi1_1_s_1,8.2,-0.146297533581,-0.403819589483907,-0.09145186609564,-0.118732658885525,-0.158721395597977,-0.1388260733951,0.5657829313876981,0.8485203507249061,7.989375556224268,3.717303947640524,319.01651255713864,32.86892352599168,0.274072814156792,0.004699351970303,0.015759227186155,0.253628334537454,-58.454301347974216,2.182212116762852,-59.294786407947,1.837422713320414,0,-7.617642324660967,-5.435429578655389,-6.526536499140333,22780.26458513692,720613.462595606,239.8828231624501,0.5715376124940811,13.296632180650027,13.296632180650027,0.465788926681783,-7.804791666666663,0.273637876180652,459.54999999999984,435.3580000000003,460.12500283809067,109,1,1.421052631578947,2.0,2.368421052631578,3.014363081138953,5.174528403784038,1128.3681435462156,35.00807168950777,33.08322241029707,12.372767191921136,18.55871295239,16.11565652348173,12.561503540962464,2.662907093327108,18.494285485849392,1.84011119921636,19.44053453191396,1.040815734190133,13.424569740248442,-0.28064935064935,123027217.0394254,3.220602304081852,6.446448392427904,2.399207005506614,154.1979465907106,0,0,0,0,0,153.01609902257033,0,0,0,0,0,0,0,0,52.34060185129715,5.499714011694174,0.0,9.799819461700956,0.0,20.55567635188704,32.29369371817837,17.031629005466563,0,15.494964622346242,0.0,0.0,0,5.499714011694174,42.09351317987933,19.442396503211828,20.17458056976854,53.45388169997237,12.352013058044266,0.0,0.0,0,26.38,99.97075422749954,4.652174824639367,0.0,0.0,0.0,4.661288433380882,6.399401534821945,4.434274654143415,0.0,0.0,32.89820534808528,208.1348054453262,-7.804791666666663,-0.931577853363567,0.0,-7.074112654320989,0.0,0.0,-16.389377362055942,-21.129390353363576,0.0,0.5714285714285711,19,0,3,0,1,1,0,0,0,2,0,5,10,0,0,0,1,2.865890000000001,79.85950000000004,0,0,0,0,0,0,0,0,0,0,0,0,0,0,0,2,0,0,0,0,0,0,0,0,0,0,0,0,0,0,0,0,0,0,0,0,0,0,0,0,0,0,0,0,0,0,0,0,0,0,0,0,0,0,0,0,0,0,0,0,0,0,0,0,0,0,0,0,0,0,0,0,0,0,0,0,0,0,1,0,0,0,0,0,0
ir_tbp_1_dft-ime_1_dft-nme3_1_dft-co_1_dft-no2_1_smi1_1_s_1,7.7,-0.077023324471974,-0.175755995658411,0.222427994281174,-0.071,-0.159999999999999,-0.115,0.493,0.605,8.077199891986336,3.356599872912213,310.66059954462224,32.36239993857968,0.301079995340665,0.008,0.009,0.284,-55.63790200012399,1.450783969869354,-56.22903181232464,2.403005739940707,0,-8.02610014720377,-6.575279965473328,-7.300700058668216,14059.793302650904,429764.5444192256,184.67357600850136,0.753059987291221,12.462826908541189,12.462826908541189,0.536087962962963,-7.877499999999998,0.280521523474631,421.4769999999999,404.3410000000002,422.09244322409046,99,1,1.529411764705882,2.058823529411764,2.352941176470588,2.791517709673234,4.590947329484151,844.1040038559267,27.671208396324303,24.846932586724755,10.242050177348906,14.691428453584242,11.96320942698516,8.000585316305754,2.414950885758829,9.67630959269766,1.425181708685495,8.262583132620291,0.832137272877547,5.014998940158504,-0.91064935064935,2746808.762035108,3.345824287040089,4.400742593430986,1.984945647660663,128.1383333837403,0,0,0,0,0,126.95659569234056,0,0,0,0,0,0,0,0,50.47040602161549,0.0,0.0,9.799819461700956,0.0,0.0,34.87913450141123,27.14594727423213,0,4.661288433380882,0.0,0.0,0,0.0,51.426115765101656,20.420348764732232,19.45522264956876,23.302895454893736,12.352013058044266,0.0,0.0,0,69.52,84.22591871066108,14.76649309340494,0.0,0.0,4.661288433380882,0.0,0.0,0.0,0.0,0.0,23.302895454893736,136.07221891534397,-7.877499999999998,11.39065098261526,12.462826908541189,0.0,0.0,0.0,-3.198239795918368,-21.099957010582017,0.0,0.555555555555555,17,0,7,0,1,1,0,0,0,4,0,8,8,0,0,0,1,0.09579,57.51030000000003,0,0,0,0,0,0,0,0,0,0,0,0,0,0,0,4,0,0,0,0,0,0,0,0,0,0,0,0,0,0,0,0,0,0,0,0,0,0,0,0,0,0,0,0,0,0,0,0,0,0,0,0,0,0,0,0,0,0,1,0,0,0,0,0,0,0,0,0,0,0,0,0,0,0,1,0,0,0,0,0,0,0,0,0,0
ir_tbp_1_dft-nme3_1_dft-sime_1_dft-hicn_1_fluoride_1_smi1_1_s_1,16.8,0.006930666079667,-0.062005336112731,0.230970456831968,-0.141516283251592,-0.186,-0.163650530561757,0.514,0.6344959051004471,7.913000000000001,3.241,301.9094603433058,31.85583727128441,0.281612263181904,0.005,0.009858884050291,0.266717768100582,-49.77026331371329,2.050840900491391,-50.34790856913957,2.552436845956516,0,-7.264264379142024,-5.213389503675131,-6.238819963057445,12863.211329174204,388728.4328380405,175.8388686828821,0.5521625405559031,17.35349537037037,17.35349537037037,0.804791666666666,-8.077777777777776,0.5895892845038391,395.5019999999997,375.3420000000001,396.1295776800906,91,1,1.533333333333333,2.133333333333333,2.533333333333333,2.644696518108724,4.598615984998271,805.173581344606,28.64626436994197,27.00015218834239,9.395269778966544,14.920702511420552,13.04167426250281,7.465976764910613,2.191787289609805,8.385201407052339,1.227119043820637,6.641370349764275,0.6681470158568901,3.672680835294392,-0.05064935064935,2972977.407508524,2.381508245077325,4.078143356883532,2.079407085581252,123.45426844760884,0,0,0,0,0,122.0874680367533,0,0,0,0,0,0,0,0,55.15211710950702,0.0,0.0,9.799819461700956,0.0,0.0,47.87285387004312,4.679615947422297,0,4.5830616480800455,5.254916304020531,3.254337500123745,0,0.0,60.826114137177285,16.033167854367097,9.262677595502344,26.044412567234176,0.0,1.4118420783282,0.0,0,30.28,81.53889793896667,0.0,3.254337500123745,0.0,0.0,4.5830616480800455,0.0,0.0,0.0,5.254916304020531,27.45625464556237,166.7748663076342,-8.077777777777776,-1.6095833333333331,2.343642290249433,0.0,0.0,0.0,0.0,-29.514480820105835,0.0,0.777777777777777,15,1,4,0,1,1,0,0,0,2,1,6,7,0,1,1,1,-1.299609999999997,52.494100000000046,0,0,0,0,0,0,0,0,0,0,0,0,0,0,0,3,1,0,0,2,0,0,0,0,0,0,0,0,0,0,0,0,0,0,0,0,0,0,0,0,0,0,0,0,1,0,0,0,0,0,0,0,0,0,0,0,0,0,0,0,0,0,0,0,0,0,0,0,0,0,0,0,0,0,1,0,0,0,0,0,0,0,0,0,0
ir_tbp_1_dft-pyz_1_dft-sime_1_dft-hicn_1_dft-icn_1_smi1_1_s_1,17.0,-0.028716464797619,-0.103187153192865,0.306848558074077,-0.05,-0.14,-0.095,0.537,0.677999999999999,7.888999999999999,3.577,307.2721436919122,32.248428622207726,0.430814288567068,0.009,0.007,0.415,-56.67582008151157,0.7533037436332041,-57.45656058003162,7.579567325613517,0,-8.218157171207267,-7.464842875078235,-7.841485736542924,16582.48991301662,512211.7949117497,203.20913580978848,1.039857115393303,11.501236772486772,11.501236772486772,0.254861111111111,-6.22759259259259,0.323576964524547,439.499,424.37900000000025,440.0931119200905,103,1,1.631578947368421,2.31578947368421,2.842105263157894,2.817101642188052,3.265813669089827,1047.0184381093195,26.654336059449747,23.924863196796945,11.319980787421096,15.229268808814751,11.716095044064945,8.806257337885578,2.651890669667311,9.085339332189289,1.686659620847414,8.077643084508697,1.052944671550448,5.702176684742848,-1.48064935064935,6470741.617023844,4.255129240707436,5.657366207411391,2.347088388458596,135.9987255460857,0,0,0,0,0,135.08378263914545,0,0,0,0,0,0,0,0,49.65759888842648,6.079939479738863,0.0,14.783797982648164,3.6628146803742574,0.0,26.945373169196383,29.37119679068134,0,4.5830616480800455,8.492425899550476,0.0,0,0.0,47.8091106315834,20.56271112416469,9.262677595502344,19.19061978638308,28.3543955236333,1.4118420783282,0.0,0,76.47999999999999,72.08474389997058,4.794537184071822,0.0,13.0373290572309,0.0,6.079939479738863,0.0,0.0,4.5830616480800455,13.901709505342,20.60246186471128,122.81998047367097,-6.22759259259259,14.229374685059208,2.811778155706728,0.0,0.0,0.0,-3.221855631141347,-14.578351757369616,0.0,0.363636363636363,19,1,7,0,1,1,0,1,1,5,1,8,5,0,1,1,2,-2.408709999999996,61.30520000000002,0,0,0,0,0,2,0,0,0,0,0,1,0,0,0,5,1,0,0,2,0,0,0,0,0,0,0,0,0,0,0,0,0,0,0,0,0,0,0,0,0,0,0,0,0,0,0,0,0,1,0,0,0,0,0,0,0,0,0,0,0,0,0,0,0,0,0,0,0,0,0,0,0,0,0,0,0,0,0,0,0,0,0,0,0
ir_tbp_1_dft-pyz_1_dft-sime_1_dft-co_1_dft-cch_1_smi1_1_s_1,14.3,-0.099356813955625,-0.285744991236325,0.052295007051465,-0.046,-0.145833327744748,-0.095999999999999,0.5630000000000001,0.776499983231087,7.945999999999999,3.638666632539661,314.1866658929657,32.61516663872059,0.442066671373744,0.009,0.009,0.425,-52.870651118347865,0.7039842921506031,-53.612942189311255,6.245333399228924,0,-8.105216728474538,-7.401250021799917,-7.75321670676421,15723.790057001985,496714.1894631125,199.2728142978976,1.100016676404491,12.454252645502642,12.454252645502642,0.260416666666667,-6.140787037037034,0.367762096269434,423.496,408.37600000000026,424.08696392009045,97,1,1.6111111111111112,2.277777777777777,2.777777777777777,2.804643877768399,3.202244227000145,1012.0849968212754,25.9472292782632,23.53043600579703,10.92555359642118,14.729268808814751,11.589263321231709,8.753068856516155,2.588371494077115,9.221342438336158,1.6792366018413851,8.016883055312029,1.023114769735139,5.458008415234222,-1.05064935064935,4076858.3871629233,3.971415775500864,5.293399529218284,2.019861602709007,131.4598705536876,0,0,0,0,0,130.57121518253393,0,0,0,0,0,0,0,0,43.97588261766189,0.0,0.0,14.783797982648164,0.0,0.0,26.945373169196383,29.37119679068134,0,15.494964622346242,3.237509595529944,0.0,0,0.0,41.72917115184454,20.17699467957862,20.17458056976854,20.561378342553297,24.691580843259043,0.0,0.0,0,43.15,71.84138981481696,4.652174824639367,0.0,13.0373290572309,0.0,0.0,11.060689968202826,0.0,4.434274654143415,4.983978520947208,20.561378342553297,132.8175069286974,-6.140787037037034,2.743171926177878,0.0,0.0,0.0,0.0,-2.613150037792898,-14.47340844671202,0.0,0.333333333333333,18,0,5,0,1,1,0,1,1,3,0,6,4,0,1,1,2,-0.451809999999999,61.740500000000026,0,0,0,0,0,2,0,0,0,0,0,0,0,0,0,4,0,0,0,2,0,0,0,0,0,0,0,0,0,0,0,0,0,0,0,0,0,0,0,0,0,0,0,0,0,0,0,0,0,0,0,0,0,0,0,0,0,0,0,0,0,0,0,0,0,0,0,0,0,0,0,0,0,0,0,0,0,0,1,0,0,0,0,0,0
ir_tbp_1_dft-phos_1_dft-phos_1_dft-co_1_dft-itcn_1_smi1_1_s_1,6.6,-0.037680223792962,-0.108806252015962,0.31683749682861,-0.062,-0.074,-0.068,0.498,0.8150000000000001,7.795,3.719,308.52087541627446,32.324,0.308,0.003,0.03,0.274,-49.88642641038351,1.370717647613579,-50.64739673979616,3.991000064448715,0,-9.35511251925296,-7.984412614529099,-8.669525056210698,20514.80360968384,800161.6433496355,239.9104927345631,1.018237531274205,12.22215608465608,12.22215608465608,0.5831840513983361,-5.052916666666666,0.354387073907237,470.4500000000001,460.3700000000002,470.9571138602703,91,1,1.0,1.444444444444444,1.777777777777777,2.672877462670516,3.219686362458473,989.5403201082668,21.549523573835152,18.49147070076093,13.491939254312642,12.97217330464553,9.140162541380382,15.629012848593652,2.376433661911386,23.98062142151703,1.487673249348296,26.442251480083804,0.876250007969244,21.65576355980908,-0.51064935064935,879109.3974723328,5.858894676422854,6.596528407679984,2.7337640078546093,129.54127843095412,0,0,0,0,0,129.49804252005438,0,0,0,0,0,0,0,0,32.90209205885446,28.92046950843512,0.0,0.0,3.6628146803742574,0.0,0.0,59.35137783900967,0,4.661288433380882,0.0,0.0,0,23.759207656309577,5.161261852125547,19.19450649715226,4.661288433380882,13.7075855617022,63.01419251938393,0.0,0.0,0,32.26,85.43504372478547,4.652174824639367,0.0,0.0,0.0,0.0,0.0,4.661288433380882,5.161261852125547,15.880688123420954,13.7075855617022,97.64473959645586,-0.438222264214327,0.0,2.00375141723356,0.0,-7.239737339380194,-3.989049928613421,0.0,0.0,0.0,0.0,18,0,2,0,0,0,0,2,2,2,0,6,3,0,0,0,2,4.967300000000003,77.51050000000002,0,0,0,0,0,0,0,0,0,0,0,0,1,0,0,1,0,0,0,0,0,0,0,0,0,0,0,0,0,0,0,0,0,0,0,0,0,0,0,0,0,0,0,0,0,0,0,0,0,0,1,0,0,0,0,0,0,0,0,0,0,0,0,0,0,0,0,0,0,0,0,0,0,0,0,0,0,0,0,0,0,0,0,0,0
ir_tbp_1_dft-py_1_dft-sime_1_dft-iacn_1_dft-itcn_1_smi1_1_s_1,15.2,-0.067354551802163,-0.146629392320002,0.248914635079556,-0.030091245234127,-0.132727188691468,-0.081408937708936,0.5251213521808861,0.673878647819113,7.946878647819113,3.566358772001861,310.9103272577411,32.43756003095046,0.37045351037115,0.008,0.006,0.356212597415014,-58.74499349514937,0.848173854674887,-59.59772168803556,8.75323020293986,0,-7.740536537432936,-6.89234816925707,-7.31645298807071,21552.20242864012,692281.9286246899,234.4222030730536,0.947115896387444,8.383150982615268,8.383150982615268,0.251527777777778,-6.396550925925922,0.37854104074641,468.6059999999999,450.4620000000002,469.09066939609056,109,1,1.45,2.15,2.7,2.894691053865497,3.39291702646937,1179.763684434707,30.024579547452824,27.47764960129699,12.689263772848864,16.803235773150043,13.545274650815006,9.490898830599464,2.803283871917332,9.419306720274369,1.74892742047241,8.90583787750319,1.123948920144184,6.895776155438651,-0.99064935064935,29559195.5903686,4.267588041871588,6.64151933769142,2.72340457398675,153.7081041815573,0,0,0,0,0,153.02304387511717,0,0,0,0,0,0,0,0,43.67933754668679,17.379135295172244,0.0,9.799819461700956,3.6628146803742574,0.0,33.92120006947863,39.99767517362434,0,4.5830616480800455,3.237509595529944,0.0,0,12.217873443046695,48.88228138330513,15.768173940092865,9.262677595502344,24.67365401106396,34.13586122499367,0.0,4.845012681582633,0,27.08,84.8420365016132,0.0,0.0,13.0373290572309,0.0,0.0,0.0,5.161261852125547,4.5830616480800455,20.725700805003587,24.67365401106396,148.32707217918028,-1.774572677836563,2.584469954648526,1.769212254346183,0.0,0.0,-3.057821331464688,-2.34305933484505,-18.08863437736206,0.0,0.384615384615384,20,0,5,0,1,1,0,1,1,4,0,7,5,0,1,1,2,1.15329,78.73500000000003,0,0,0,0,0,1,0,0,0,0,0,0,1,0,0,5,0,0,0,2,0,0,0,0,0,0,0,0,0,0,0,0,0,0,0,0,0,0,0,0,0,0,0,0,0,0,0,0,0,0,1,0,0,0,0,0,0,0,0,0,0,0,0,0,0,0,0,0,0,0,0,0,0,1,0,0,0,0,0,0,0,0,0,0,0
ir_tbp_1_dft-nme3_1_dft-phos_1_dft-iacn_1_dft-no2_1_smi1_1_s_1,9.6,-0.082727363433092,-0.110527484616236,0.344697536666643,-0.057,-0.115250474056887,-0.086,0.418500804903109,0.733,7.959499195096889,3.50399839019378,312.1585044267916,32.492,0.412926214497647,0.005,0.015,0.392751278959997,-53.25276800261251,1.446675192202222,-53.92004922426649,7.203994826583655,0,-8.491246625269875,-7.044578939547648,-7.767925268762819,16751.926732955508,554286.192618835,207.58833800924748,0.9452522680146732,12.655564058956912,12.655564058956912,1.073232276706979,-7.358124999999998,0.542559606650186,434.4559999999999,417.3200000000002,435.06711907427047,95,1,1.470588235294117,2.117647058823529,2.588235294117647,2.578000888850903,4.886747613064829,1002.4518371516486,27.45566544670048,24.93868429626089,11.228229077884958,14.825908934703556,12.044276218086589,11.290050348139662,2.224695908514893,15.870603099091785,1.249806800818666,15.86949085066422,0.708839164029274,10.511176150900368,-0.8506493506493501,3039153.6878485526,3.372819104639724,5.200631973909369,2.534301148487799,129.20705240630446,0,0,0,0,0,128.21904333145633,0,0,0,0,0,0,0,0,45.326987105762925,5.77066710663144,0.0,0.0,0.0,0.0,27.903307601128983,44.63501986985304,0,4.5830616480800455,0.0,0.0,0,5.77066710663144,34.650469403118464,15.276929848879682,14.697379916845616,23.302895454893736,29.67568891950484,0.0,4.845012681582633,0,47.5,85.37375527813441,10.114318268765572,0.0,0.0,0.0,0.0,4.5830616480800455,0.0,0.0,4.845012681582633,23.302895454893736,128.4102502860712,-7.358124999999998,15.47975340136054,12.655564058956912,0.0,-6.37310410892752,-3.491065064142941,0.0,-16.415866165910813,0.0,0.4,17,0,5,0,0,0,0,1,1,2,0,7,6,0,0,0,1,2.604400000000001,67.15280000000003,0,0,0,0,0,0,0,0,0,0,0,0,0,0,0,3,0,0,0,0,0,0,0,0,0,0,0,0,0,0,0,0,0,0,0,0,0,0,0,0,0,0,0,0,0,0,0,0,0,0,0,0,0,0,0,0,0,0,1,0,0,0,0,0,0,0,0,0,0,0,0,0,0,0,1,0,0,0,0,0,0,0,0,0,0
ir_tbp_1_dft-ime_1_dft-nme3_1_dft-hicn_1_dft-icn_1_smi1_1_s_1,18.1,-0.053962559006139,-0.127852206027575,0.222888905522873,-0.131,-0.176,-0.15388894614767,0.521,0.647,7.959222186524346,3.352111082084423,308.4308866022645,32.24422212063829,0.289088901204658,0.005,0.01,0.274,-53.15200839671576,2.089549846361457,-53.87803058214854,5.36933348631545,0,-7.618555716367451,-5.529022515052173,-6.573800231801814,15114.30846977756,461559.1981813447,193.08637542219205,0.5710555636367091,11.567627551020404,11.567627551020404,0.280810185185185,-7.148333333333332,0.347605993084756,416.5049999999998,398.36100000000016,417.11351301609056,97,1,1.529411764705882,2.176470588235294,2.588235294117647,2.828626348652432,4.682524273776329,907.7820548103512,28.21517847069432,25.97764960129699,10.372767191921138,15.30871295239,12.492488246314965,8.082650540135601,2.391016072292336,9.360029309488423,1.396386156430768,8.026881379154466,0.822507372862959,4.936174811381249,-1.18064935064935,4912034.113994289,3.037501295845401,4.5943451445809895,2.129269822393373,130.88230385984102,0,0,0,0,0,129.72220454361224,0,0,0,0,0,0,0,0,53.68580576684042,6.079939479738863,0.0,9.799819461700956,3.6628146803742574,0.0,34.87913450141123,17.031629005466563,0,4.5830616480800455,5.254916304020531,0.0,0,0.0,53.91233424828425,20.56271112416469,9.262677595502344,23.302895454893736,16.014827738418525,1.4118420783282,0.0,0,59.71,70.83237825240387,4.794537184071822,0.0,9.799819461700956,0.0,6.079939479738863,0.0,4.5830616480800455,0.0,8.91773098439479,24.71473753322194,140.90754676870748,-7.148333333333332,11.006007180650034,2.623515684051399,0.0,0.0,0.0,-2.093524187452759,-20.04521211262283,0.0,0.5,17,1,6,0,1,1,0,0,0,4,1,7,8,0,0,0,1,-1.462109999999997,58.91360000000003,0,0,0,0,0,0,0,0,0,0,0,1,0,0,0,4,1,0,0,0,0,0,0,0,0,0,0,0,0,0,0,0,0,0,0,0,0,0,0,0,0,0,0,0,0,0,0,0,0,1,0,0,0,0,0,0,0,0,0,0,0,0,0,0,0,0,0,0,0,0,0,0,0,0,1,0,0,0,0,0,0,0,0,0,0
ir_tbp_1_dft-pyz_1_dft-pyz_1_dft-co_1_dft-icn_1_smi1_1_s_1,22.0,0.034206593183934,0.036950127682693,0.508843298364648,-0.038658267871718,-0.127894488085521,-0.082850918652413,0.5074036746096521,0.604298162695173,7.852043569433109,3.548552755957239,301.32375672968044,31.930836027117035,0.439289100657263,0.011,0.007,0.421701837304826,-52.09992425287075,0.8818593634928601,-52.811412848470965,4.03800820788798,0,-9.341855507968791,-8.460022001070037,-8.902066218241632,13069.96797908605,431270.2346971448,183.66204048555656,1.306328995480719,11.896900982615266,11.896900982615266,0.435046296296296,-5.58087962962963,0.36265526832002,422.4240000000001,414.3600000000002,423.0290801562703,91,1,1.111111111111111,1.555555555555555,1.888888888888888,2.581292680139607,3.16163740572193,905.9462440698744,19.809036597829,16.385897891760848,10.781015482385,12.117132594788396,8.034589732380299,8.445535975737041,2.297254055161322,8.507742537844816,1.437673249348296,7.117404714180792,0.838175977073434,4.6203486408692775,-2.07064935064935,360929.2490005206,5.712917820844343,5.509588319313968,2.147424805588184,117.2375468570885,0,0,0,0,0,116.65448899628578,0,0,0,0,0,0,0,0,42.89932767437933,6.079939479738863,0.0,9.967957041894415,3.6628146803742574,0.0,0.0,49.38316168651808,0,4.661288433380882,6.475019191059888,0.0,0,0.0,16.04789652163328,25.45824003395766,4.661288433380882,10.96606844936176,53.04597636689234,0.0,0.0,0,82.87,65.39468971176456,9.446712008711188,0.0,0.0,6.475019191059888,6.079939479738863,4.661288433380882,0.0,0.0,13.630771722268676,10.96606844936176,79.48267132779037,-5.58087962962963,17.64285115898211,0.0,0.0,0.0,0.0,-5.711309523809521,0.0,0.0,0.0,18,0,7,0,0,0,0,2,2,4,0,8,3,0,0,0,2,-0.9701,52.35600000000002,0,0,0,0,0,4,0,0,0,0,0,1,0,0,0,5,0,0,0,0,0,0,0,0,0,0,0,0,0,0,0,0,0,0,0,0,0,0,0,0,0,0,0,0,0,0,0,0,0,1,0,0,0,0,0,0,0,0,0,0,0,0,0,0,0,0,0,0,0,0,0,0,0,0,0,0,0,0,0,0,0,0,0,0,0
