code_name,solubility,total energy,HOMO-LUMO gap/eV,electronic energy,Dipole module/D,Total charge,HOMO,LUMO,Fermi-level/eV,Total dispersion C6,Total dispersion C8,Total polarizability alpha,Total FOD,MaxAbsEStateIndex,MaxEStateIndex,MinAbsEStateIndex,MinEStateIndex,qed,MolWt,HeavyAtomMolWt,ExactMolWt,NumValenceElectrons,NumRadicalElectrons,MaxPartialCharge,MinPartialCharge,MaxAbsPartialCharge,MinAbsPartialCharge,FpDensityMorgan1,FpDensityMorgan2,FpDensityMorgan3,BCUT2D_MWHI,BCUT2D_MWLOW,BCUT2D_CHGHI,BCUT2D_CHGLO,BCUT2D_LOGPHI,BCUT2D_LOGPLOW,BCUT2D_MRHI,BCUT2D_MRLOW,AvgIpc,BalabanJ,BertzCT,Chi0,Chi0n,Chi0v,Chi1,Chi1n,Chi1v,Chi2n,Chi2v,Chi3n,Chi3v,Chi4n,Chi4v,HallKierAlpha,Ipc,Kappa1,Kappa2,Kappa3,LabuteASA,PEOE_VSA1,PEOE_VSA10,PEOE_VSA11,PEOE_VSA12,PEOE_VSA13,PEOE_VSA14,PEOE_VSA2,PEOE_VSA3,PEOE_VSA4,PEOE_VSA5,PEOE_VSA6,PEOE_VSA7,PEOE_VSA8,PEOE_VSA9,SMR_VSA1,SMR_VSA10,SMR_VSA2,SMR_VSA3,SMR_VSA4,SMR_VSA5,SMR_VSA6,SMR_VSA7,SMR_VSA8,SMR_VSA9,SlogP_VSA1,SlogP_VSA10,SlogP_VSA11,SlogP_VSA12,SlogP_VSA2,SlogP_VSA3,SlogP_VSA4,SlogP_VSA5,SlogP_VSA6,SlogP_VSA7,SlogP_VSA8,SlogP_VSA9,TPSA,EState_VSA1,EState_VSA10,EState_VSA11,EState_VSA2,EState_VSA3,EState_VSA4,EState_VSA5,EState_VSA6,EState_VSA7,EState_VSA8,EState_VSA9,VSA_EState1,VSA_EState10,VSA_EState2,VSA_EState3,VSA_EState4,VSA_EState5,VSA_EState6,VSA_EState7,VSA_EState8,VSA_EState9,FractionCSP3,HeavyAtomCount,NHOHCount,NOCount,NumAliphaticCarbocycles,NumAliphaticHeterocycles,NumAliphaticRings,NumAromaticCarbocycles,NumAromaticHeterocycles,NumAromaticRings,NumHAcceptors,NumHDonors,NumHeteroatoms,NumRotatableBonds,NumSaturatedCarbocycles,NumSaturatedHeterocycles,NumSaturatedRings,RingCount,MolLogP,MolMR,fr_Al_COO,fr_Al_OH,fr_Al_OH_noTert,fr_ArN,fr_Ar_COO,fr_Ar_N,fr_Ar_NH,fr_Ar_OH,fr_COO,fr_COO2,fr_C_O,fr_C_O_noCOO,fr_C_S,fr_HOCCN,fr_Imine,fr_NH0,fr_NH1,fr_NH2,fr_N_O,fr_Ndealkylation1,fr_Ndealkylation2,fr_Nhpyrrole,fr_SH,fr_aldehyde,fr_alkyl_carbamate,fr_alkyl_halide,fr_allylic_oxid,fr_amide,fr_amidine,fr_aniline,fr_aryl_methyl,fr_azide,fr_azo,fr_barbitur,fr_benzene,fr_benzodiazepine,fr_bicyclic,fr_diazo,fr_dihydropyridine,fr_epoxide,fr_ester,fr_ether,fr_furan,fr_guanido,fr_halogen,fr_hdrzine,fr_hdrzone,fr_imidazole,fr_imide,fr_isocyan,fr_isothiocyan,fr_ketone,fr_ketone_Topliss,fr_lactam,fr_lactone,fr_methoxy,fr_morpholine,fr_nitrile,fr_nitro,fr_nitro_arom,fr_nitro_arom_nonortho,fr_nitroso,fr_oxazole,fr_oxime,fr_para_hydroxylation,fr_phenol,fr_phenol_noOrthoHbond,fr_phos_acid,fr_phos_ester,fr_piperdine,fr_piperzine,fr_priamide,fr_prisulfonamd,fr_pyridine,fr_quatN,fr_sulfide,fr_sulfonamd,fr_sulfone,fr_term_acetylene,fr_tetrazole,fr_thiazole,fr_thiocyan,fr_thiophene,fr_unbrch_alkane,fr_urea
mol_100,-3.27,-25.37882482,4.62835,-25.81113076,0.468,0,-10.6034,-5.975,-8.2892,4269.98612,99114.34379,102.798389,0.0391,7.917129629629629,7.917129629629629,0.785015117,-3.410442649,0.5342617380464311,120.19499999999992,108.09899999999998,120.0939004,48,0,0.062570685,-0.062248395,0.062570685,0.062248395,1.444444444444444,2.111111111111111,2.666666666666666,-3.66E-15,-0.244784755,-0.013140699,-2.541261118,-1.36E-16,-2.401877785,-6.73E-16,-1.076015296,2.308478809401691,3.9569006695397553,522.5566628,16.964101615137757,16.5,4.5,9.175426480542944,8.25,2.25,1.375,1.375,0.75,0.75,0.375,0.375,-0.78,14589.586075418689,1.048054604102645,2.674337261,1.5627607309331122,73.38587546470053,0,0,0,0,0,0,0,0,0,0,43.91587777290784,11.457409177060075,9.595309893,6.853792780851101,16.44910267404264,0,0,0,0,19.59774191995444,0,35.77554503001347,0,0,0,0,0,0,0,0,0,41.610296085694095,30.21209353831648,0,0,0,0,55.37328694996791,0,0,0,0,0,0,0,0,0,16.44910267404264,89.48066893424036,0,0,0,-1.047685185,-3.325925926,-4.536172525,0,-6.820885299,0,0.333333333,9,0,0,0,0,0,1,0,1,0,0,0,3,0,0,0,1,2.810000000000001,40.53100000000002,0,0,0,0,0,0,0,0,0,0,0,0,0,0,0,0,0,0,0,0,0,0,0,0,0,0,0,0,0,0,0,0,0,0,1,0,0,0,0,0,0,0,0,0,0,0,0,0,0,0,0,0,0,0,0,0,0,0,0,0,0,0,0,0,0,0,0,0,0,0,0,0,0,0,0,0,0,0,0,0,0,0,0,0,0
mol_1000,-0.73,-23.12304861,4.08166125,-23.47712869,1.62,0,-10.1629,-6.0812,-8.122,2810.084603,66853.33695,83.83797,0.0465,7.418449074074074,7.418449074074074,0.580555556,-2.735789872,0.535935436,108.13999999999994,100.07599999999998,108.0575149,42,0,0.29309207,-0.507966648,0.507966648,0.29309207,1.625,2.375,2.875,8.128797292284096e-16,-0.243475988,2.1411936607333998e-16,-2.284978015,-5.53E-17,-2.13909713,1.0296892182506422e-17,-0.945754888,2.138718238,3.672817687,394.3706069520281,12.6712084,11.908248290463863,3.908248290463863,7.213431283003729,5.862372435695795,1.9541241452319311,1.2041241452319311,1.2041241452319311,0.602062073,0.602062073,0.301031036,0.301031036,-0.98,2085.250281959013,1.127691298419683,1.8646221994975432,0.997109257,59.91701324555934,5.108808191107212,5.749511833283905,0,0,1.431199657232634,0,0,0,0,0,17.648288907023584,18.93672953262227,4.112275669,5.483034224680881,14.704118084298752,0,1.431199657232634,0,0,6.851892117295679,0,29.733126322350174,0,5.749511833283905,0,0,5.749511833283905,0,6.540007848339846,0,6.851892117295679,15.158761384888534,24.16967483065318,0,0,0,20.23,42.33453027292976,0,0,0,0,0,0,0,0,5.108808191107212,11.026509550424176,57.51359882842025,0,0,3.956404006046863,-0.663611111,-0.580555556,-2.740046296,0,-2.735789872,0,0.142857143,8,1,1,0,0,0,1,0,1,1,1,1,2,0,0,0,1,1.700619999999999,32.843799999999995,0,0,0,0,0,0,0,1,0,0,0,0,0,0,0,0,0,0,0,0,0,0,0,0,0,0,0,0,0,0,0,0,0,0,1,0,0,0,0,0,0,0,0,0,0,0,0,0,0,0,0,0,0,0,0,0,0,0,0,0,0,0,0,0,0,1,1,0,0,0,0,0,0,0,0,0,0,0,0,0,0,0,0,0,0
mol_1001,0.15,-17.60841843,4.785991784676815,-17.77049201,2.368265799444166,0,-11.79127514,-7.005239705,-9.398223873,998.0008888641275,21022.717151276847,46.71355697586627,0.018865792,9.860486111111111,9.860486111111111,1.7026620370370371,-3.077546296,0.43656455,74.07899999999997,68.03099999999999,74.03677943,30,0,0.29256542,-0.468195182,0.468195182,0.29256542,2.8,3.6,3.8,3.274200128093203e-16,-0.247428852,-0.127105006,-2.377387308,-0.026313338,-2.403026921,-7.17E-17,-1.054060409,1.560315158986234,4.340652398986659,159.7005558050492,9.284457050376172,8.316496580927726,2.3164965809277263,4.6665022194363885,3.862372435695794,0.862372436,0.287457479,0.287457479,0.092697703,0.092697703,0.020833333,0.020833333,-0.53,99.86017017511902,0.600159265,3.469999999999999,3.469999999999999,39.174025587180296,4.736862953800049,0,1.370758556,0,6.448272503918149,0,4.794537184071822,0,0,0,0,6.851892117295679,4.112275669,9.300502355256729,17.755951474893187,6.448272503918149,0,0,0,6.851892117295679,6.558985242916289,0,0,0,0,0,0,0,13.007257746834435,9.531400138,0,15.076443454316998,0,0,0,0,26.3,19.85914986413012,4.794537184071822,0,0,0,0,0,0,0,4.736862953800049,8.224551337021321,42.638263888888886,0,9.860486111111111,0,0,0,0,-1.702662037,-6.129421296,0,0.6666666666666661,5,0,2,0,0,0,0,0,0,2,0,2,2,0,0,0,0,0.1793,17.689999999999998,0,0,0,0,0,0,0,0,0,0,1,1,0,0,0,0,0,0,0,0,0,0,0,0,0,0,0,0,0,0,0,0,0,0,0,0,0,0,0,0,0,1,0,0,0,0,0,0,0,0,0,0,0,0,0,0,0,0,0,0,0,0,0,0,0,0,0,0,0,0,0,0,0,0,0,0,0,0,0,0,0,0,0,0,0
mol_1002,-1.92,-25.64287051,3.56982869,-26.05409279,2.165,0,-9.2835,-5.7136,-7.4985,4066.984903,93800.23895,100.672141,0.075,7.611574074074074,7.611574074074074,0.110925926,-3.181275983,0.546827449,121.18299999999992,110.09499999999996,121.0891494,48,0,0.064462956,-0.377661479,0.377661479,0.064462956,1.333333333333333,2,2.555555555555555,1.434113167785169e-16,-0.244322203,-1.48E-16,-2.498073012,-7.75E-17,-2.558686357,-7.11E-17,-0.950163541,2.258108414187763,3.756306956590191,485.6904915155955,16.04145188432738,15.447213595499958,4.447213595499958,8.797434948,7.670820393249937,2.170820393249937,1.309016994374947,1.309016994374947,0.7104101966249681,0.7104101966249681,0.355205098,0.355205098,-0.98,9574.379676156115,1.092515399695488,2.533930223385564,1.4567376919048352,71.37579652033949,4.899909730850478,0,0,0,0,0,0,0,0,0,18.127256122989884,12.08483741532659,27.86359141226937,6.853792780851101,15.07834411787242,5.687386274683562,0,0,0,0,18.85156353141497,30.21209353831648,0,0,4.899909730850478,5.687386274683562,0,0,13.951653800564491,0,0,15.07834411787242,30.21209353831648,0,0,0,3.24,49.85113361356453,0,0,4.899909730850478,0,0,0,0,0,0,15.07834411787242,80.88895597,0,-0.110925926,0,-0.864814815,0,-4.050663265,0,-6.362551965,0,0.25,9,0,1,0,0,0,1,0,1,1,0,1,3,0,0,0,1,1.7526000000000002,40.76900000000002,0,0,0,0,0,0,0,0,0,0,0,0,0,0,0,1,0,0,0,0,0,0,0,0,0,0,0,0,0,1,0,0,0,0,1,0,0,0,0,0,0,0,0,0,0,0,0,0,0,0,0,0,0,0,0,0,0,0,0,0,0,0,0,0,1,0,0,0,0,0,0,0,0,0,0,0,0,0,0,0,0,0,0,0,0
mol_1008,0.15,-10.79023491,3.92296359,-11.0083651,3.763,0,-11.6767,-7.7537,-9.7152,653.824492,15785.34733,40.514191,0.0522,7.769814814814815,7.769814814814815,0.5972222222222211,-0.733796296,0.372551159,53.06400000000001,50.04,53.0265491,20,0,0.090531375,-0.193121261,0.193121261,0.090531375,2.75,3.5,3.5,10.82017217444779,-0.163603357,1.3877787807814449e-17,-1.846278011,-1.30E-17,-1.737029574,1.552337260552648,-0.527413486,1.645711370407578,4.072805029219777,127.60567104826092,5.861807319565799,4.947213595499958,1.947213595499957,3.180739212552621,2.223606797749979,0.723606798,0.236803399,0.236803399,0.055901699,0.055901699,0,0,-0.77,27.977093296928835,0.58723086,2.23,1.23,29.387023406410663,0,0,0,0,0,0,0,0,5.261891554738487,0,6.531038962001867,0,6.052071746035566,10.181496981302931,4.112275669,0,5.261891554738487,0,0,0,0,12.583110708037434,0,6.069221312792274,0,0,0,0,0,0,11.33111286753076,4.112275669,12.583110708037434,0,0,0,23.79,12.583110708037434,0,0,0,0,0,6.069221312792274,0,0,0,9.374167223249149,19.058888888888887,0,0,7.769814814814815,0,0,0.738425926,0,-0.733796296,0,0,4,0,1,0,0,0,0,0,0,1,0,1,0,0,0,0,0,0.69598,15.81,0,0,0,0,0,0,0,0,0,0,0,0,0,0,0,1,0,0,0,0,0,0,0,0,0,0,1,0,0,0,0,0,0,0,0,0,0,0,0,0,0,0,0,0,0,0,0,0,0,0,0,0,0,0,0,0,0,1,0,0,0,0,0,0,0,0,0,0,0,0,0,0,0,0,0,0,0,0,0,0,0,0,0,0,0
mol_1013,-1.68,-14.48282007,4.708897220335024,-14.57297819,0.072001908,0,-11.62028341,-6.911425721,-9.265854563,1782.2386632838206,82359.36503361959,66.17649572759288,0.033961709,6.744791666666667,6.744791666666667,1.9999999999999991,-2,0.549640042,187.862,183.83,185.8679743,26,0,0.03952265,-0.091903899,0.091903899,0.03952265,1.5,1.75,1.75,0,-0.178579324,-0.061241585,-2.30452026,0,-2.360474895,-1.38E-32,-0.810915282,1.2532975784630431,4.020391543176799,67.01955000865388,7,5.755928946018456,4.927922024247863,3.25,2.627964473009227,2.213961012123931,0.188982237,0.9819805060619652,0.035714286,0.964285714,0,0,0.96,21.30605883387173,1.227569000782808,3.96,2.96,48.45917035418014,0,0,0,0,0,0,0,0,0,0,31.859887795898697,0,16.04742007561047,0,5.483034224680881,31.859887795898697,0,0,0,0,10.564385850929591,0,0,0,0,0,0,31.859887795898697,10.564385850929591,0,0,5.483034224680881,0,0,0,0,0,10.564385850929591,0,0,0,0,0,0,0,0,31.859887795898697,5.483034224680881,26.979166666666668,5.020833333333333,0,-4,0,0,0,0,0,0,1,4,0,0,0,0,0,0,0,0,0,0,2,1,0,0,0,0,1.7762,27.588,0,0,0,0,0,0,0,0,0,0,0,0,0,0,0,0,0,0,0,0,0,0,0,0,0,2,0,0,0,0,0,0,0,0,0,0,0,0,0,0,0,0,0,0,2,0,0,0,0,0,0,0,0,0,0,0,0,0,0,0,0,0,0,0,0,0,0,0,0,0,0,0,0,0,0,0,0,0,0,0,0,0,0,0,0
mol_1032,-3.5,-23.03515487,3.70053106,-23.30952873,4.924,0,-11.0741,-7.3735,-9.2238,4239.94378,167762.9794,105.602826,0.1081,7.354699074074074,7.354699074074074,0.066782407,-0.226782407,0.6481408061312921,235.906,231.874,233.8679743,42,0,0.063500389,-0.061066711,0.063500389,0.061066711,1.125,1.5,1.875,12.855635634832868,-0.092694994,0.649625909,-2.130924571,0.8411783481681481,-1.932837255,4.065865086331208,-0.420380577,2.081571823985754,3.603567451474547,231.8128652468444,9.464101615137752,7.755928946018455,6.927922024247863,5.464101615137755,3.877964473009227,3.463961012123931,1.127964473009227,2.713961012123931,0.599696522,2.32126622,0.281991118,0.6784902530309821,0.18,416.3143647971509,2.842546746800186,2.646097475,1.326674517810683,70.78638033145093,0,0,0,0,0,0,0,0,0,0,12.08483741532659,43.94472521122529,8.945439031664828,5.483034224680881,5.483034224680881,31.859887795898697,0,0,0,0,0,33.115113862318005,0,0,0,0,0,31.859887795898697,0,0,0,5.483034224680881,33.115113862318005,0,0,0,0,0,0,0,24.16967483065318,8.945439031664828,0,0,0,0,31.859887795898697,5.483034224680881,29.97273148148148,6.114398148148148,0,0,0,0,-0.58712963,0,0,0,0,8,0,0,0,0,0,1,0,1,0,0,2,0,0,0,0,1,3.2116,41.84200000000001,0,0,0,0,0,0,0,0,0,0,0,0,0,0,0,0,0,0,0,0,0,0,0,0,0,0,0,0,0,0,0,0,0,0,1,0,0,0,0,0,0,0,0,0,2,0,0,0,0,0,0,0,0,0,0,0,0,0,0,0,0,0,0,0,0,0,0,0,0,0,0,0,0,0,0,0,0,0,0,0,0,0,0,0,0
mol_104,-0.63,-12.24583545,6.17307748,-12.28714894,1.789,0,-11.7043,-5.5312,-8.6177,753.619961,27075.2827,41.715632,0.0049,6.135030864197531,6.135030864197531,2.055555555555555,-2.055555556,0.389962107,84.93299999999999,82.917,83.95335542,20,0,0.09670639,-0.10913233,0.10913233,0.09670639,2,2,2,12.09080919532304,-0.163027028,-0.054951181,-1.979361354,0.328528812,-1.968838321,2.808152114,-0.644833495,0.7219280948873621,3.023715784073817,23.11941547876375,4.5,3.255928946018454,2.767786838055363,2,1.377964473009227,1.133893419027681,0.071428571,0.642857143,0,0,0,0,0.58,3.609640474436811,1.136034400564443,2.58,2.580000000000001,32.15572448192852,0,0,0,0,0,0,0,0,0,23.20187978046503,0,0,0,8.032805658,2.741517112,23.20187978046503,0,0,0,0,5.291288545,0,0,0,0,0,0,23.20187978046503,5.291288545,0,0,2.741517112,0,0,0,0,0,5.291288545,0,0,0,0,0,0,0,0,23.20187978046503,2.741517112,12.270061728395062,9.257716049382717,0,-2.055555556,0,0,0,0,0,0,1,3,0,0,0,0,0,0,0,0,0,0,2,0,0,0,0,0,1.4215,16.573,0,0,0,0,0,0,0,0,0,0,0,0,0,0,0,0,0,0,0,0,0,0,0,0,0,2,0,0,0,0,0,0,0,0,0,0,0,0,0,0,0,0,0,0,2,0,0,0,0,0,0,0,0,0,0,0,0,0,0,0,0,0,0,0,0,0,0,0,0,0,0,0,0,0,0,0,0,0,0,0,0,0,0,0,0
mol_1045,-2.12,-19.12751413,3.62389349,-19.42530633,2.003,0,-10.1568,-6.5329,-8.3448,2841.506087,83814.15278,87.308758,0.0817,7.321990740740741,7.321990740740741,0.036111111,-0.423333333,0.484903341,110.18099999999995,104.13299999999998,110.0190212,36,0,0.107898445,-0.143426892,0.143426892,0.107898445,1.428571428571428,2.1428571428571432,2.714285714285714,10.448827528239056,-0.093496132,0.001695186,-2.169295393,0.057987212,-1.970051308,1.751542072115552,-0.438182662,2.126871930032342,3.563757676047911,320.4630927223895,10.1712084,9.408248290463863,4.224744871391589,6.002106418,4.612372435695795,2.112372435695794,0.9541241452319312,1.362372435695794,0.477062073,0.681186218,0.238531036,0.340593109,-0.43,701.8677369106731,1.290046023889132,2.029999057672206,1.238796211144247,56.69718865170985,0,1.123799173032188,0,0,0,0,0,0,0,12.53269603815698,18.127256122989884,12.08483741532659,4.895483475517775,6.853792780851101,6.853792780851101,12.53269603815698,1.123799173032188,0,0,4.895483475517775,0,30.21209353831648,0,0,0,0,0,12.53269603815698,1.123799173032188,0,0,6.853792780851101,35.107577013834245,0,0,0,0,18.127256122989884,0,0,16.980320890844364,12.53269603815698,0,0,0,0,0,7.977591954,43.29546296296296,0.410740741,-0.036111111,0,0,0,-1.836759259,0,0,0,0,7,0,0,0,0,0,1,0,1,1,1,1,1,0,0,0,1,1.975299999999999,33.694,0,0,0,0,0,0,0,0,0,0,0,0,0,0,0,0,0,0,0,0,0,0,1,0,0,0,0,0,0,0,0,0,0,0,1,0,0,0,0,0,0,0,0,0,0,0,0,0,0,0,0,0,0,0,0,0,0,0,0,0,0,0,0,0,0,0,0,0,0,0,0,0,0,0,0,0,0,0,0,0,0,0,0,0,0
mol_1048,-1.44,-13.83626804,3.45185808,-13.95583394,2.791,0,-10.1988,-6.747,-8.4729,1795.564834,62415.92528,68.006783,0.0958,6.637268518518518,6.637268518518518,0.394675926,-2.223148148,0.45284022,94.20399999999998,88.156,93.99109219,26,0,0.035269053,-0.097881834,0.097881834,0.035269053,1.5,2,2.25,-2.80E-17,-0.244946812,-6.38E-17,-2.231286776,-1.82E-16,-2.151053015,-6.68E-17,-0.86065983,1.573011867155104,3.563001750182873,87.29589375350572,8.414213562373096,7.816496580927726,3.449489742783178,4.207106781186548,3.574914957130529,2.724744871391588,0.166666667,1.4999999999999991,0.041666667,0.375,0,0,0.7000000000000001,64.49348655335928,0.6838452545435221,3.7,2.700000000000001,43.18019828,0,0,0,0,0,0,0,0,0,0,21.587795952773448,12.367848202232915,8.224551337021321,0,8.224551337021321,21.587795952773448,0,0,0,0,12.367848202232915,0,0,0,0,0,0,21.587795952773448,12.367848202232915,0,0,8.224551337021321,0,0,0,0,0,12.367848202232915,0,0,0,21.587795952773448,0,0,0,0,0,8.224551337021321,39.82361111111111,0,0,0,0,0,0,-4.446296296,0,0.7893518518518511,1,4,0,0,0,0,0,0,0,0,2,0,2,3,0,0,0,0,1.6274000000000002,27.03,0,0,0,0,0,0,0,0,0,0,0,0,0,0,0,0,0,0,0,0,0,0,0,0,0,0,0,0,0,0,0,0,0,0,0,0,0,0,0,0,0,0,0,0,0,0,0,0,0,0,0,0,0,0,0,0,0,0,0,0,0,0,0,0,0,0,0,0,0,0,0,0,0,0,0,0,0,0,0,0,0,0,0,0,0
mol_1050,-3.19,-23.50769491,3.82067264,-23.78103494,3.994,0,-10.999,-7.1783,-9.0887,3784.51398,133918.8077,98.968022,0.089,7.300254629629629,7.300254629629629,0.014814815,-0.311851852,0.591074528,191.455,187.423,189.9184899,42,0,0.063881627,-0.083108458,0.083108458,0.063881627,1.5,2.125,2.875,12.847542844243025,-0.092695095,0.6461532680896981,-2.127817229,0.826572081,-1.930258849,4.073535857584924,-0.419685819,2.081571823985754,3.603567451474547,233.8128652468444,9.464101615137752,7.755928946018455,6.097854431151613,5.464101615137755,3.877964473009227,3.048927215575806,1.127964473009227,2.298927215575806,0.599696522,1.7061942245064712,0.281991118,0.5747318038939511,-0.01,416.3143647971509,2.715581020046592,2.5130425620816013,1.234902098938484,67.22209895269125,0,0,0,0,0,0,0,0,0,0,23.685777305559107,28.01478131327594,4.472719515832414,10.505667538422207,5.483034224680881,27.530883788181864,0,0,0,0,0,33.66502766022692,0,0,0,0,0,27.530883788181864,0,0,0,5.483034224680881,28.64239434648559,5.022633313741326,0,0,0,0,0,0,33.66502766022692,0,0,0,0,0,15.929943897949348,17.083974114913396,29.23463734567901,8.574606481,0,0.014814815,0,0,-0.962947531,0,0,0,0,8,0,0,0,0,0,1,0,1,0,0,2,0,0,0,0,1,3.1025,39.152000000000015,0,0,0,0,0,0,0,0,0,0,0,0,0,0,0,0,0,0,0,0,0,0,0,0,0,0,0,0,0,0,0,0,0,0,1,0,0,0,0,0,0,0,0,0,2,0,0,0,0,0,0,0,0,0,0,0,0,0,0,0,0,0,0,0,0,0,0,0,0,0,0,0,0,0,0,0,0,0,0,0,0,0,0,0,0
mol_1058,-2.21,-19.04927645,4.59223479,-19.39349398,0.533,0,-10.5737,-5.9815,-8.2776,2460.508379,58814.91765,79.412485,0.0368,7.358449074074074,7.358449074074074,0.585185185,-2.700925926,0.45880628,92.14099999999996,84.07699999999998,92.06260026,36,0,0.062549718,-0.062249086,0.062549718,0.062249086,1.428571428571428,2.1428571428571432,2.714285714285714,-1.13E-15,-0.243475084,-0.018581301,-2.283625512,-8.15E-17,-2.143229011,6.049037231161085e-17,-0.945746178,2.094639700632517,3.680735719882674,375.4268162614292,11.964101615137752,11.5,3.5,6.675426480542942,5.75,1.75,1,1,0.5,0.5,0.25,0.25,-0.78,1235.837423373185,0.8381701650376541,1.783286039855433,1.038264132411506,55.03610924,0,0,0,0,0,0,0,0,0,0,35.77554503001347,6.851892117295679,4.112275669,6.853792780851101,10.96606844936176,0,0,0,0,6.851892117295679,0,35.77554503001347,0,0,0,0,0,0,0,0,6.851892117295679,16.529519941058755,30.21209353831648,0,0,0,0,42.627437147309145,0,0,0,0,0,0,0,0,0,10.96606844936176,57.744675925925925,0,0,0,-0.631018519,0,-3.162731481,0,-2.700925926,0,0.142857143,7,0,0,0,0,0,1,0,1,0,0,0,1,0,0,0,1,1.99502,31.17899999999999,0,0,0,0,0,0,0,0,0,0,0,0,0,0,0,0,0,0,0,0,0,0,0,0,0,0,0,0,0,0,0,0,0,0,1,0,0,0,0,0,0,0,0,0,0,0,0,0,0,0,0,0,0,0,0,0,0,0,0,0,0,0,0,0,0,0,0,0,0,0,0,0,0,0,0,0,0,0,0,0,0,0,0,0,0
mol_106,0.58,-14.4408351,4.7988557400000005,-14.55636477,2.2,0,-11.8895,-7.0906,-9.49,565.249206,11868.78556,35.136618,0.0168,9.543819444444445,9.543819444444445,1.537037037037036,-2.765046296,0.391225825,60.052000000000014,56.02,60.02112937,24,0,0.292299261,-0.471221447,0.471221447,0.292299261,2.75,3.5,3.5,3.200865929853602e-16,-0.243035698,-0.129904283,-2.176002099,-0.028006413,-2.247539682,2.4875688286056086e-20,-0.948773916,1.210810026106033,3.551252924,94.70165766734144,6.784457050376173,5.816496580927726,1.816496580927726,3.416502219436388,2.612372435695794,0.612372436,0.185395406,0.185395406,0.041666667,0.041666667,0,0,-0.53,23.005390496014627,0.5057254621854761,2.469999999999999,1.469999999999998,29.999142472448057,4.736862953800049,0,1.370758556,0,6.448272503918149,0,4.794537184071822,0,0,0,0,0,0,11.150228127393248,15.014434362552748,6.448272503918149,0,0,0,0,7.037952458882589,0,0,0,0,0,0,0,13.486224962800735,9.531400138,0,5.483034224680881,0,0,0,0,26.3,13.486224962800735,4.794537184071822,0,0,0,0,0,0,0,4.736862953800049,5.483034224680881,28.174930555555555,0,9.543819444444445,0,0,0,0,-1.537037037,0,-2.765046296,0.5,4,0,2,0,0,0,0,0,0,2,0,2,1,0,0,0,0,-0.2108,13.073,0,0,0,0,0,0,0,0,0,0,1,1,0,0,0,0,0,0,0,0,0,0,0,0,0,0,0,0,0,0,0,0,0,0,0,0,0,0,0,0,0,1,0,0,0,0,0,0,0,0,0,0,0,0,0,1,0,0,0,0,0,0,0,0,0,0,0,0,0,0,0,0,0,0,0,0,0,0,0,0,0,0,0,0,0
mol_1067,-0.01,-16.68326014,3.642981203843936,-16.88733819,3.198452225790111,0,-11.02723661,-7.384222944,-9.205760044,1276.7277165294363,27136.43045101177,53.40689348943049,0.061387335,10.360486111111111,10.360486111111111,1.8809027777777767,-3.34837963,0.444345048,72.10699999999996,64.04299999999999,72.05751488,30,0,0.119479781,-0.303403097,0.303403097,0.119479781,2.6,3.4,3.6,-4.56E-16,-0.247542685,-0.197065635,-2.495917085,-0.102800936,-2.404942976,-0.000609149,-1.097183682,1.835624055439132,5.158825498434272,214.6741413661228,11.077350269189626,10.408248290463863,2.408248290463863,5.443375672974064,4.9541241452319325,0.9541241452319312,0.352062073,0.352062073,0.113531036,0.113531036,0.025515518,0.025515518,-0.33,260.6586158723568,0.461856752,3.67,3.67,43.23536347240567,4.794537184071822,7.632970718501461,0,0,0,0,0,0,0,0,6.851892117295679,6.372924901329379,15.968234794520916,0,15.76060563343358,6.262212162331241,0,0,0,19.59774191995444,0,0,0,0,0,0,0,0,6.262212162331241,4.794537184071822,0,30.56381037,0,0,0,0,17.07,25.85995408228568,4.794537184071822,0,0,0,0,0,0,0,0,10.96606844936176,53.87726851851852,0,10.360486111111111,0,0,0,0,-8.550462963,-3.270625,0,0.75,5,0,1,0,0,0,0,0,0,1,0,1,3,0,0,0,0,0.9854,20.972,0,0,0,0,0,0,0,0,0,0,1,1,0,0,0,0,0,0,0,0,0,0,0,1,0,0,0,0,0,0,0,0,0,0,0,0,0,0,0,0,0,0,0,0,0,0,0,0,0,0,0,0,0,0,0,0,0,0,0,0,0,0,0,0,0,0,0,0,0,0,0,0,0,0,0,0,0,0,0,0,0,0,0,0,0
mol_1069,-2.57,-13.66455953,14.009994088225548,-13.86899128,0.004830139,0,-11.43572578,2.574278118836937,-4.430746994,1208.9500201197332,24493.97776322253,51.85602479208659,0,7.005208333333334,7.005208333333334,3.314583333333333,-3.411458333,0.431024358,58.12400000000002,48.044,58.07825032,26,0,0.026360659,-0.065392443,0.065392443,0.026360659,1.75,2.25,2.5,-0.145300553,-0.250396356,-0.892097319,-2.574095707,-0.839187549,-2.426109097,-0.464287024,-1.156389764,1.809679883552856,5.300082077607573,181.14233798589447,12,12,2,5.75,5.75,0.75,0.25,0.25,0.0625,0.0625,0,0,0,334.79077845727846,0.213017751,3,2,41.88378237269752,0,0,0,0,0,0,0,0,0,0,26.44963403725012,0,13.70758556,0,13.70758556,0,0,0,0,26.44963403725012,0,0,0,0,0,0,0,0,0,0,0,40.15721959895233,0,0,0,0,0,26.44963403725012,0,0,0,0,0,0,0,0,0,13.70758556,68.45208333333333,0,0,0,0,0,0,-6.822916667,-6.629166667,0,1,4,0,0,0,0,0,0,0,0,0,0,0,3,0,0,0,0,1.8064,20.582,0,0,0,0,0,0,0,0,0,0,0,0,0,0,0,0,0,0,0,0,0,0,0,0,0,0,0,0,0,0,0,0,0,0,0,0,0,0,0,0,0,0,0,0,0,0,0,0,0,0,0,0,0,0,0,0,0,0,0,0,0,0,0,0,0,0,0,0,0,0,0,0,0,0,0,0,0,0,0,0,0,0,0,0,0
mol_1070,-1.96,-27.18515215,4.08522102,-27.53849833,2.943,0,-10.0717,-5.9865,-8.0291,3210.651034,75518.83033,88.758519,0.0498,7.427824074074074,7.427824074074074,0.629498299,-2.897317649,0.6127725486570801,124.13899999999994,116.07499999999996,124.0524295,48,0,0.293293739,-0.504254836,0.504254836,0.293293739,1.777777777777777,2.666666666666666,3.444444444444444,10.362568540516714,-0.243095376,3.566823335525288e-18,-2.272283093,1.550000813656154e-16,-2.268673977,0.665809089,-0.942953252,2.216829706246537,3.469991484688652,440.7254391050344,13.37831517751085,12.316496580927726,4.316496580927726,7.686557829466052,6.020620726159658,2.112372435695794,1.260310363079829,1.260310363079829,0.7228528845145641,0.7228528845145641,0.361426442,0.361426442,-1.18,3411.700918,1.453324329810239,2.395561740659778,1.134079494733467,65.03055847506621,9.845671145,0,11.49902366656781,0,1.431199657232634,0,0,0,0,0,12.08483741532659,12.08483741532659,0,16.633262352074127,19.44098104,0,1.431199657232634,0,0,0,7.037952458882589,24.16967483065318,0,11.49902366656781,4.736862953800049,0,11.49902366656781,0,13.577960307222437,0,0,9.595309893,24.16967483065318,0,0,0,29.46,42.70665095610357,0,0,0,0,0,0,0,0,9.845671145,11.026509550424176,61.16491780045352,0,0,4.002824074074073,0,-1.362847222,-2.657577003,0,0,-2.897317649,0.142857143,9,1,2,0,0,0,1,0,1,2,1,2,3,0,0,0,1,1.4008,34.6588,0,0,0,0,0,0,0,1,0,0,0,0,0,0,0,0,0,0,0,0,0,0,0,0,0,0,0,0,0,0,0,0,0,0,1,0,0,0,0,0,0,1,0,0,0,0,0,0,0,0,0,0,0,0,0,1,0,0,0,0,0,0,0,0,2,1,1,0,0,0,0,0,0,0,0,0,0,0,0,0,0,0,0,0,0
mol_1076,-2.34,-10.76325589,3.90280226,-10.80685735,3.365,0,-11.4599,-7.5571,-9.5085,2135.715428,165314.4728,78.073939,0.0705,6.577500000000001,6.577500000000001,1.06,-1.06,0.463980271,267.8349999999999,265.819,267.82459606400005,20,0,0.051622523,-0.074763172,0.074763172,0.051622523,2,2,2,12.158091172088582,-0.162498852,-0.037849485,-1.991961479,0.412378962,-1.939690282,3.194504013019124,-0.616481228,0.7219280948873621,3.023715784073817,23.11941547876375,4.5,3.255928946018454,5.570925528371099,2,1.377964473009227,2.535462764185549,0.071428571,3.214285714285713,0,0,0,0,1.46,3.609640474436811,1.791025506849682,3.46,3.46,50.07286827025245,0,0,0,0,0,0,0,0,0,0,45.181741254136114,0,2.741517112,2.38638646,2.741517112,45.181741254136114,0,0,0,0,2.38638646,0,0,0,0,0,0,45.181741254136114,2.38638646,0,0,2.741517112,0,0,0,0,0,2.38638646,0,0,0,0,0,0,45.181741254136114,0,0,2.741517112,12.095,3.395,0,0,0,0,0,0,0,0,1,3,0,0,0,0,0,0,0,0,0,0,2,0,0,0,0,0,1.8139,32.907,0,0,0,0,0,0,0,0,0,0,0,0,0,0,0,0,0,0,0,0,0,0,0,0,0,2,0,0,0,0,0,0,0,0,0,0,0,0,0,0,0,0,0,0,2,0,0,0,0,0,0,0,0,0,0,0,0,0,0,0,0,0,0,0,0,0,0,0,0,0,0,0,0,0,0,0,0,0,0,0,0,0,0,0,0
mol_1082,0.32,-15.63431805,2.913412387795114,-15.84764654,4.044362663647454,0,-10.85397374,-7.940586976,-9.397279416,1149.3170549363813,25957.87890238685,52.647895293677294,0.140957239,10.083148148148148,10.083148148148148,1.078703703703703,-2.770046296,0.328596256,70.09099999999997,64.04299999999999,70.04186481,28,0,0.142007666,-0.298576497,0.298576497,0.142007666,2.2,3,3.2,-2.35E-15,-0.244464413,-0.192358818,-2.211522416,-0.102615896,-2.103697317,-0.000609065,-0.95037615,1.821595868641627,4.821572323709328,201.1180478,9.232050807568877,8.408248290463863,2.408248290463863,4.764742878019982,3.954124145231931,0.9541241452319312,0.352062073,0.352062073,0.113531036,0.113531036,0.025515518,0.025515518,-0.59,136.61969014812203,0.579119383,3.41,3.410000000000001,39.73581943988577,0,7.632970718501461,0,0,0,0,4.794537184071822,0,0,0,6.052071746035566,12.903963863331246,4.112275669,2.741517112,13.019088521093142,6.262212162331241,0,0,0,6.851892117295679,0,12.104143492071133,0,0,0,0,0,0,6.262212162331241,4.794537184071822,0,15.076443454316998,12.104143492071133,0,0,0,17.07,25.218247771698053,4.794537184071822,0,0,0,0,0,0,0,0,8.224551337021321,39.55391203703704,0,10.083148148148148,0,0,0,-2.164351852,-1.452662037,-2.770046296,0,0.25,5,0,1,0,0,0,0,0,0,1,0,1,2,0,0,0,0,0.7614000000000001,20.878,0,0,0,0,0,0,0,0,0,0,1,1,0,0,0,0,0,0,0,0,0,0,0,1,0,0,2,0,0,0,0,0,0,0,0,0,0,0,0,0,0,0,0,0,0,0,0,0,0,0,0,0,0,0,0,0,0,0,0,0,0,0,0,0,0,0,0,0,0,0,0,0,0,0,0,0,0,0,0,0,0,0,0,0,0
mol_1083,0.94,-26.75569137,4.61997844,-27.06246288,4.001,0,-9.9232,-5.3033,-7.6133,3133.449367,65262.48,83.748542,0.0238,11.841944444444444,11.841944444444444,0.7234722222222221,-3.530671296,0.444129698,116.16399999999992,104.06799999999998,116.094963,48,0,0.318454675,-0.330791049,0.330791049,0.318454675,1.25,1.625,1.875,-4.00E-17,-0.247090089,-2.57E-16,-2.540682609,-1.96E-16,-2.679203169,-1.23E-17,-1.005464091,1.875416761475766,5.885641816036448,298.0048715011953,16.732050807568875,15.80267548146378,3.802675481463779,8.398717474235543,7.5457649317318065,1.5457649317318052,0.953394579,0.953394579,0.382574186,0.382574186,0.1,0.1,-0.73,3600.8001820334725,0.8562338593780751,2.546113456221332,1.818015341,66.73985492788027,9.799819461700956,0,0,0,0,6.031114512338072,0,4.794537184071822,0,0,0,0,44.35241027517165,0,21.24363985811446,6.031114512338072,0,9.799819461700956,0,0,27.903307601128983,0,0,0,0,4.794537184071822,0,0,43.734241575168014,0,0,16.44910267404264,0,0,0,0,23.550000000000004,43.734241575168014,4.794537184071822,0,0,0,0,0,0,0,0,16.44910267404264,83.54250000000002,0,10.395,0,0,0,-2.148148148,0,-14.12268519,0,0.8,8,0,3,0,0,0,0,0,0,1,0,3,4,0,0,0,0,0.2296,32.76999999999998,0,0,0,0,0,0,0,0,0,0,1,1,0,0,0,2,0,0,0,0,0,0,0,0,0,0,0,2,0,0,0,0,0,0,0,0,0,0,0,0,0,0,0,0,0,0,0,0,0,0,0,0,0,0,0,0,0,0,0,0,0,0,0,0,0,0,0,0,0,0,0,0,0,0,0,0,0,0,0,0,0,0,0,0,1
mol_1089,-1.06,-11.3777532,7.02202976,-11.47816741,2.231,0,-11.151,-4.1289,-7.6399,727.495412,20159.91858,40.607365,0.0016,6.452932098765432,6.452932098765432,2.590277777777777,-2.713734568,0.371985547,64.515,59.475,64.00797784,20,0,0.043229229,-0.127017656,0.127017656,0.043229229,3,3.333333333333333,3.333333333333333,-1.09E-31,-0.24737159,-0.085184149,-2.319636599,-1.57E-16,-2.292848642,-4.06E-17,-1.021893396,1.2532975784630431,4.020391543176799,65.40990953421706,7,6.377964473009227,2.133893419027681,3.25,2.938982236504613,0.8169467095138401,0.094491118,0.283473355,0,0,0,0,0.29,21.30605883387173,0.324647308,2.29,2.290000000000001,32.43231186994689,0,0,0,0,0,0,0,0,0,11.600939890232516,6.851892117295679,0,12.685899504224809,0,6.853792780851101,11.600939890232516,0,0,0,6.851892117295679,5.832106723373709,0,0,0,0,0,0,11.600939890232516,5.832106723373709,0,0,13.705684898146778,0,0,0,0,0,12.683998840669387,0,0,0,0,0,0,0,0,0,18.45473267108361,32.13503086419753,4.780092592592592,0,0,0,-2.590277778,0,0,-2.713734568,0,1,3,0,0,0,0,0,0,0,0,0,0,1,1,0,0,0,0,1.2451,16.394000000000002,0,0,0,0,0,0,0,0,0,0,0,0,0,0,0,0,0,0,0,0,0,0,0,0,0,1,0,0,0,0,0,0,0,0,0,0,0,0,0,0,0,0,0,0,1,0,0,0,0,0,0,0,0,0,0,0,0,0,0,0,0,0,0,0,0,0,0,0,0,0,0,0,0,0,0,0,0,0,0,0,0,0,0,0,0
mol_109,-2.55,-13.66718067,14.01839707,-13.87052868,0.017,0,-11.4601,2.5583,-4.4509,1207.499017,24486.89252,51.821939,0,7.1875,7.1875,3.385416666666666,-3.4375,0.397118004,58.12400000000002,48.044,58.07825032,26,0,0.029419146,-0.063037254,0.063037254,0.029419146,1.75,2.25,2.25,-0.080056846,-0.244836051,-0.688115629,-2.598993677,-0.6680618,-2.491039637,-0.310284336,-1.161828853,1.773184719519514,5.542725537835227,165.5934629642598,12,12,2,5.75,5.75,0.75,0.375,0.375,0,0,0,0,0,312.0805106354346,0.213017751,1.333333333333333,0,41.88378237269752,0,0,0,0,0,0,0,0,0,0,20.55567635188704,5.893957685363079,13.70758556,0,13.70758556,0,0,0,5.893957685363079,20.55567635188704,0,0,0,0,0,0,0,0,0,0,5.893957685363079,34.26326191358924,0,0,0,0,0,26.44963403725012,0,0,0,0,0,0,0,0,0,13.70758556,68.59374999999999,0,0,0,0,-3.4375,0,0,-10.15625,0,1,4,0,0,0,0,0,0,0,0,0,0,0,0,0,0,0,0,1.662299999999999,20.512,0,0,0,0,0,0,0,0,0,0,0,0,0,0,0,0,0,0,0,0,0,0,0,0,0,0,0,0,0,0,0,0,0,0,0,0,0,0,0,0,0,0,0,0,0,0,0,0,0,0,0,0,0,0,0,0,0,0,0,0,0,0,0,0,0,0,0,0,0,0,0,0,0,0,0,0,0,0,0,0,0,0,0,0,0
